frame,x_old,y_old,x_new,y_new,dx,dy,displacement
0,580.0,219.0,574.9997,217.99825,-5.000305,-1.0017548,5.0996633
0,604.0,249.0,598.9949,248.00133,-5.005127,-0.9986725,5.103787
0,556.0,249.0,550.9813,248.01231,-5.0186768,-0.98768616,5.1149426
0,556.0,201.0,550.99493,199.99779,-5.005066,-1.0022125,5.104421
0,604.0,201.0,598.9973,200.0021,-5.0026855,-0.9978943,5.1012406
0,584.0,234.0,579.0022,233.00061,-4.9978027,-0.99938965,5.0967455
1,574.9997,217.99825,569.99884,215.99603,-5.0008545,-2.0022125,5.38678
1,598.9949,248.00133,593.9887,245.99733,-5.0061646,-2.0039978,5.3923736
1,550.9813,248.01231,545.98254,246.01083,-4.9987793,-2.00148,5.3845816
1,550.99493,199.99779,545.9978,197.99933,-4.9971313,-1.9984589,5.381929
1,598.9973,200.0021,593.98883,198.00717,-5.008484,-1.9949341,5.391166
1,579.0022,233.00061,574.0011,231.00116,-5.0010986,-1.9994507,5.385981
2,569.99884,215.99603,564.9981,211.99684,-5.0007324,-3.9991913,6.403191
2,593.9887,245.99733,588.9969,242.00348,-4.9918213,-3.9938507,6.3928967
2,545.98254,246.01083,540.97943,242.01216,-5.003113,-3.9986725,6.4047265
2,545.9978,197.99933,540.9925,193.99559,-5.00531,-4.0037384,6.409606
2,593.98883,198.00717,588.99225,194.00606,-4.996582,-4.001114,6.401152
2,574.0011,231.00116,569.00275,227.00125,-4.998352,-3.9999084,6.40178
3,564.9981,211.99684,559.9981,206.99927,-5.0,-4.997574,7.0693526
3,588.9969,242.00348,583.99976,237.0023,-4.9971313,-5.001175,7.0698705
3,540.97943,242.01216,535.9841,237.00735,-4.9953613,-5.0048065,7.07119
3,540.9925,193.99559,535.9926,188.99274,-4.999878,-5.0028534,7.0729995
3,588.99225,194.00606,583.99817,189.00389,-4.9940796,-5.0021667,7.0684156
3,569.00275,227.00125,564.0026,222.00264,-5.000122,-4.9986115,7.0701723
4,559.9981,206.99927,553.9988,201.00108,-5.9993286,-5.998184,8.483522
4,583.99976,237.0023,578.00024,230.99881,-5.9995117,-6.0034943,8.487408
4,535.9841,237.00735,529.9843,231.00697,-5.999756,-6.0003815,8.485378
4,535.9926,188.99274,529.9932,182.99287,-5.9993896,-5.9998627,8.484753
4,583.99817,189.00389,577.99786,183.0035,-6.000305,-6.0003967,8.485778
4,564.0026,222.00264,558.00256,216.00291,-6.000061,-5.9997253,8.48513
5,553.9988,201.00108,548.99896,195.00117,-4.999817,-5.9999084,7.810062
5,578.00024,230.99881,572.9948,224.99629,-5.005432,-6.0025177,7.815662
5,529.9843,231.00697,524.97955,225.0097,-5.0047607,-5.9972687,7.811201
5,529.9932,182.99287,524.9903,176.99135,-5.0029297,-6.001526,7.8132977
5,577.99786,183.0035,572.99316,177.00668,-5.0046997,-5.996811,7.8108106
5,558.00256,216.00291,553.0029,210.00223,-4.999634,-6.0006866,7.8105426
6,548.99896,195.00117,543.9994,187.00058,-4.9995728,-8.000595,9.434259
6,572.9948,224.99629,567.998,216.99635,-4.996826,-7.999939,9.432247
6,524.97955,225.0097,519.9846,217.00713,-4.994934,-8.002579,9.433485
6,524.9903,176.99135,520.0003,168.99747,-4.98999,-7.993881,9.423489
6,572.99316,177.00668,567.9995,169.00468,-4.9936523,-8.001999,9.432314
6,553.0029,210.00223,548.00256,202.00331,-5.000366,-7.9989166,9.433256
7,543.9994,187.00058,539.0,179.0009,-4.9993896,-7.9996796,9.433386
7,567.998,216.99635,562.9934,208.99709,-5.0045776,-7.9992676,9.435787
7,519.9846,217.00713,514.9802,209.00958,-5.0043945,-7.9975433,9.434229
7,520.0003,168.99747,514.9953,160.99503,-5.005005,-8.002441,9.4387045
7,567.9995,169.00468,562.99475,161.00967,-5.0047607,-7.9950104,9.432276
7,548.00256,202.00331,543.0041,194.00426,-4.998474,-7.999054,9.43237
8,539.0,179.0009,532.9996,171.99875,-6.0004272,-7.0021515,9.221456
8,562.9934,208.99709,556.99585,202.00044,-5.9975586,-6.996643,9.215406
8,514.9802,209.00958,508.9791,202.01208,-6.001129,-6.9974976,9.21838
8,514.9953,160.99503,508.9949,153.99614,-6.0003967,-6.998886,9.218957
8,562.99475,161.00967,556.99164,154.01543,-6.003113,-6.9942474,9.217205
8,543.0041,194.00426,537.00385,187.00424,-6.000244,-7.0000153,9.219715
9,532.9996,171.99875,528.00073,163.9969,-4.9988403,-8.001846,9.434932
9,556.99585,202.00044,551.99023,193.98442,-5.005615,-8.016022,9.450544
9,508.9791,202.01208,503.98944,193.99753,-4.9896545,-8.014557,9.440857
9,508.9949,153.99614,503.99332,145.99438,-5.001587,-8.001755,9.43631
9,556.99164,154.01543,551.9997,146.0112,-4.9919434,-8.004227,9.433299
9,537.00385,187.00424,532.0033,179.00449,-5.0005493,-7.999756,9.434065
10,528.00073,163.9969,522.9993,157.00032,-5.001404,-6.996582,8.600361
10,551.99023,193.98442,546.9926,186.99109,-4.9976196,-6.993332,8.595516
10,503.98944,193.99753,498.98334,187.0035,-5.0061035,-6.994034,8.601023
10,503.99332,145.99438,498.98846,138.98846,-5.0048523,-7.0059204,8.609963
10,551.9997,146.0112,547.0001,139.00816,-4.9995728,-7.0030365,8.604548
10,532.0033,179.00449,527.0052,172.00584,-4.998108,-6.998642,8.600121
11,522.9993,157.00032,517.9995,149.00076,-4.999817,-7.9995575,9.433509
11,546.9926,186.99109,541.9912,178.99515,-5.001404,-7.995941,9.431284
11,498.98334,187.0035,493.98322,179.00177,-5.000122,-8.001724,9.435508
11,498.98846,138.98846,493.98712,130.98967,-5.001343,-7.9987946,9.433671
11,547.0001,139.00816,542.0038,131.00397,-4.996338,-8.004196,9.4356
11,527.0052,172.00584,522.00287,164.00468,-5.0023193,-8.00116,9.436193
12,517.9995,149.00076,512.99915,143.00253,-5.000366,-5.99823,7.8091245
12,541.9912,178.99515,536.9862,172.99457,-5.005005,-6.00058,7.8139
12,493.98322,179.00177,488.97885,173.004,-5.004364,-5.997772,7.811333
12,493.98712,130.98967,488.9822,124.98686,-5.0049133,-6.0028076,7.815552
12,542.0038,131.00397,537.0013,125.00838,-5.0025024,-5.99559,7.8084655
12,522.00287,164.00468,517.00336,158.00403,-4.9995117,-6.000656,7.810441
13,512.99915,143.00253,506.99918,138.0006,-5.9999695,-5.001938,7.811467
13,536.9862,172.99457,530.9888,167.99881,-5.9974365,-4.995758,7.805565
13,488.97885,173.004,482.97754,168.007,-6.0013123,-4.996994,7.809334
13,488.9822,124.98686,482.9853,119.9929,-5.9969177,-4.993965,7.804019
13,537.0013,125.00838,530.9997,120.01043,-6.001587,-4.9979477,7.8101554
13,517.00336,158.00403,511.0059,153.0035,-5.997467,-5.000534,7.808646
14,506.99918,138.0006,501.99927,133.9986,-4.9999084,-4.001999,6.4043016
14,530.9888,167.99881,525.9924,164.00049,-4.996399,-3.9983215,6.399264
14,482.97754,168.007,477.98016,164.00533,-4.9973755,-4.0016785,6.402124
14,482.9853,119.9929,477.99054,115.998955,-4.994751,-3.9939423,6.3952413
14,530.9997,120.01043,526.0004,116.01194,-4.9992676,-3.9984894,6.4016085
14,511.0059,153.0035,506.0039,149.00528,-5.0019836,-3.9982147,6.4035587
15,501.99927,133.9986,496.99948,131.00003,-4.9997864,-2.9985657,5.830031
15,525.9924,164.00049,520.98694,160.99352,-5.005432,-3.0069733,5.839198
15,477.98016,164.00533,472.9791,161.00421,-5.001068,-3.001114,5.832441
15,477.99054,115.998955,472.98264,112.989,-5.007904,-3.0099564,5.8428535
15,526.0004,116.01194,521.00146,113.00684,-4.9989624,-3.0050964,5.8326864
15,506.0039,149.00528,501.00308,146.00612,-5.000824,-2.9991608,5.831227
16,496.99948,131.00003,491.9992,129.99875,-5.0002747,-1.0012817,5.09954
16,520.98694,160.99352,515.99164,159.99748,-4.9953003,-0.9960327,5.093634
16,472.9791,161.00421,467.97968,160.0069,-4.99942,-0.99731445,5.0979247
16,472.98264,112.989,467.99057,111.99624,-4.9920654,-0.9927597,5.089822
16,521.00146,113.00684,515.9987,112.01286,-5.0027466,-0.9939804,5.1005363
16,501.00308,146.00612,496.00266,145.00618,-5.0004272,-0.99993896,5.0994263
17,491.9992,129.99875,485.99887,129.9986,-6.0003357,-0.00015258789,6.0003357
17,515.99164,159.99748,509.99176,159.99701,-5.999878,-0.00047302246,5.999878
17,467.97968,160.0069,461.97964,160.00642,-6.0000305,-0.00047302246,6.0000305
17,467.99057,111.99624,461.98865,111.9946,-6.0019226,-0.0016403198,6.001923
17,515.9987,112.01286,509.99973,112.012535,-5.998993,-0.00032806396,5.998993
17,496.00266,145.00618,490.0028,145.00604,-5.9998474,-0.0001373291,5.9998474
18,485.99887,129.9986,480.99893,131.00026,-4.999939,1.0016632,5.099286
18,509.99176,159.99701,504.98703,160.99263,-5.00473,0.9956207,5.102802
18,461.97964,160.00642,456.9728,161.00883,-5.006836,1.0024109,5.1061954
18,461.98865,111.9946,456.97858,112.98423,-5.010071,0.98963165,5.106876
18,509.99973,112.012535,505.01007,113.00625,-4.9896545,0.9937134,5.0876436
18,490.0028,145.00604,485.00235,146.00668,-5.000458,1.0006409,5.099594
19,480.99893,131.00026,475.99875,133.99913,-5.000183,2.9988708,5.830528
19,504.98703,160.99263,499.9963,164.00056,-4.9907227,3.0079346,5.8270903
19,456.9728,161.00883,451.97266,164.01022,-5.0001526,3.0013885,5.831797
19,456.97858,112.98423,451.98822,115.99425,-4.9903564,3.0100174,5.8278522
19,505.01007,113.00625,500.01038,116.00762,-4.999695,3.0013733,5.8313966
19,485.00235,146.00668,480.00238,149.00606,-4.9999695,2.9993744,5.830604
20,475.99875,133.99913,470.99954,138.00018,-4.9992065,4.001053,6.4031625
20,499.9963,164.00056,494.9871,167.99663,-5.0092163,3.9960632,6.407868
20,451.97266,164.01022,446.969,168.01195,-5.003662,4.0017242,6.407061
20,451.98822,115.99425,446.98233,119.99038,-5.00589,3.996132,6.4053106
20,500.01038,116.00762,495.00726,120.00836,-5.003113,4.00074,6.4060173
20,480.00238,149.00606,475.00473,153.00627,-4.99765,4.0002136,6.401423
21,470.99954,138.00018,465.00122,143.99974,-5.9983215,5.9995575,8.483782
21,494.9871,167.99663,488.98663,173.99559,-6.000458,5.9989624,8.484871
21,446.969,168.01195,440.96976,174.01244,-5.999237,6.0004883,8.485087
21,446.98233,119.99038,440.98288,125.98991,-5.9994507,5.999527,8.484558
21,495.00726,120.00836,489.0087,126.008415,-5.9985657,6.0000534,8.484304
21,475.00473,153.00627,469.00555,159.00519,-5.999176,5.9989166,8.4839325
22,465.00122,143.99974,460.00247,149.99799,-4.998749,5.9982452,7.8081007
22,488.98663,173.99559,483.99274,179.99654,-4.9938965,6.000946,7.8070707
22,440.96976,174.01244,435.97177,180.01245,-4.997986,6.0000153,7.808972
22,440.98288,125.98991,435.98495,131.991,-4.997925,6.001091,7.8097596
22,489.0087,126.008415,484.01627,132.00444,-4.9924316,5.996025,7.8023515
22,469.00555,159.00519,464.00388,165.00836,-5.0016785,6.003174,7.8137627
23,460.00247,149.99799,455.00226,156.99625,-5.0002136,6.9982605,8.601034
23,483.99274,179.99654,478.99005,186.98897,-5.0026855,6.9924316,8.59773
23,435.97177,180.01245,430.9771,187.00613,-4.9946594,6.993683,8.594081
23,435.98495,131.991,430.9808,138.9838,-5.0041504,6.992798,8.598881
23,484.01627,132.00444,479.00134,139.01161,-5.014923,7.0071716,8.616838
23,464.00388,165.00836,458.99982,172.00545,-5.004059,6.9970856,8.602314
24,455.00226,156.99625,450.0018,164.99536,-5.000458,7.999115,9.433474
24,478.99005,186.98897,473.99402,194.99254,-4.9960327,8.003571,9.434908
24,430.9771,187.00613,425.9798,195.0032,-4.9973145,7.9970703,9.430074
24,430.9808,138.9838,425.98984,146.99191,-4.990967,8.008118,9.436085
24,479.00134,139.01161,474.00552,147.00763,-4.995819,7.9960175,9.428388
24,458.99982,172.00545,453.99835,180.00688,-5.001465,8.001434,9.435973
25,450.0018,164.99536,445.00357,172.99593,-4.99823,8.000565,9.433522
25,473.99402,194.99254,468.9887,202.99165,-5.00531,7.999115,9.436047
25,425.9798,195.0032,420.9782,203.00467,-5.001587,8.001465,9.436064
25,425.98984,146.99191,420.98523,154.98932,-5.004608,7.997406,9.434225
25,474.00552,147.00763,468.99896,155.01169,-5.0065613,8.004059,9.440901
25,453.99835,180.00688,448.99805,188.00632,-5.000305,7.9994354,9.433664
26,445.00357,172.99593,439.0033,179.99423,-6.0002747,6.9983063,9.218437
26,468.9887,202.99165,462.99142,209.99527,-5.997284,7.0036163,9.220524
26,420.9782,203.00467,414.97357,210.00926,-6.0046387,7.004593,9.22605
26,420.98523,154.98932,414.98657,161.99336,-5.998657,7.0040436,9.221742
26,468.99896,155.01169,462.99744,162.01494,-6.001526,7.00325,9.223005
26,448.99805,188.00632,443.0008,195.00786,-5.9972534,7.001541,9.218928
27,439.0033,179.99423,434.00256,187.99295,-5.0007324,7.9987183,9.433283
27,462.99142,209.99527,457.996,217.99657,-4.9954224,8.001297,9.432656
27,414.97357,210.00926,409.97708,218.00696,-4.9964905,7.997696,9.430167
27,414.98657,161.99336,409.98584,169.9874,-5.0007324,7.994034,9.429311
27,462.99744,162.01494,458.00107,170.01431,-4.9963684,7.9993744,9.431526
27,443.0008,195.00786,437.99954,203.00932,-5.001251,8.001465,9.435886
28,434.00256,187.99295,429.0029,194.9945,-4.9996643,7.0015564,8.603396
28,457.996,217.99657,452.98965,224.98984,-5.0063477,6.993271,8.600544
28,409.97708,218.00696,404.97818,225.00453,-4.9989014,6.997574,8.599712
28,409.98584,169.9874,404.98325,176.98341,-5.002594,6.9960175,8.600594
28,458.00107,170.01431,453.00052,177.01413,-5.0005493,6.999817,8.602495
28,437.99954,203.00932,432.99832,210.01044,-5.0012207,7.001114,8.603941
29,429.0029,194.9945,424.0024,201.99327,-5.0004883,6.998764,8.6016035
29,452.98965,224.98984,447.99557,231.99576,-4.9940796,7.0059204,8.603705
29,404.97818,225.00453,399.9769,232.00916,-5.0012817,7.0046234,8.6068325
29,404.98325,176.98341,399.99072,183.99178,-4.992523,7.008362,8.604791
29,453.00052,177.01413,448.0004,184.01675,-5.000122,7.0026245,8.604532
29,432.99832,210.01044,427.9983,217.00957,-5.0000305,6.9991302,8.601635
30,424.0024,201.99327,418.0028,207.99321,-5.9996033,5.999939,8.484958
30,447.99557,231.99576,441.99756,237.99728,-5.9980164,6.001526,8.484958
30,399.9769,232.00916,393.97723,238.00761,-5.9996643,5.998459,8.483954
30,399.99072,183.99178,393.99033,189.99103,-6.0003967,5.9992523,8.485033
30,448.0004,184.01675,441.99976,190.01738,-6.000641,6.0006256,8.4861765
30,427.9983,217.00957,421.9987,223.00858,-5.9996033,5.999008,8.4843
31,418.0028,207.99321,413.00198,211.9939,-5.000824,4.0006866,6.4041967
31,441.99756,237.99728,436.98993,241.99472,-5.0076294,3.9974365,6.407484
31,393.97723,238.00761,388.97183,242.01065,-5.0054016,4.0030365,6.4092393
31,393.99033,189.99103,388.98346,193.98683,-5.0068665,3.9958038,6.405869
31,441.99976,190.01738,436.995,194.01561,-5.0047607,3.99823,6.4057374
31,421.9987,223.00858,416.9999,227.00829,-4.9987793,3.99971,6.40199
32,413.00198,211.9939,408.00287,215.9927,-4.999115,3.9988098,6.4016895
32,436.98993,241.99472,431.9944,245.9965,-4.9955444,4.0017853,6.4007616
32,388.97183,242.01065,383.97675,246.01045,-4.9950867,3.9998016,6.399164
32,388.98346,193.98683,383.9871,197.98909,-4.9963684,4.0022583,6.4017005
32,436.995,194.01561,432.00162,198.01239,-4.9933777,3.9967804,6.3959417
32,416.9999,227.00829,411.9987,231.01,-5.0012207,4.001709,6.405145
33,408.00287,215.9927,403.00385,217.99384,-4.9990234,2.0011292,5.3846774
33,431.9944,245.9965,426.98874,247.9949,-5.0056458,1.9983978,5.389813
33,383.97675,246.01045,378.9708,248.01248,-5.005951,2.0020294,5.3914437
33,383.9871,197.98909,378.98218,199.98688,-5.0049133,1.9977875,5.3889065
33,432.00162,198.01239,426.99393,200.01813,-5.0076904,2.0057373,5.3944364
33,411.9987,231.01,407.00208,233.00908,-4.9966125,1.9990845,5.3816795
34,403.00385,217.99384,397.00497,217.99385,-5.998871,1.5258789e-05,5.998871
34,426.98874,247.9949,420.98926,247.99379,-5.999481,-0.0011138916,5.999481
34,378.9708,248.01248,372.97165,248.01242,-5.9991455,-6.1035156e-05,5.9991455
34,378.98218,199.98688,372.98965,199.99902,-5.992523,0.012145996,5.9925356
34,426.99393,200.01813,420.99338,200.01997,-6.0005493,0.0018463135,6.00055
34,407.00208,233.00908,401.00076,233.01021,-6.0013123,0.0011291504,6.0013123
35,397.00497,217.99385,392.00256,217.99333,-5.002411,-0.0005187988,5.002411
35,420.98926,247.99379,415.99017,247.98958,-4.9990845,-0.004211426,4.999086
35,372.97165,248.01242,367.97495,248.00803,-4.996704,-0.0043945312,4.996706
35,372.98965,199.99902,367.98233,199.98587,-5.007324,-0.013153076,5.0073414
35,420.99338,200.01997,416.00784,200.01028,-4.9855347,-0.009689331,4.985544
35,401.00076,233.01021,396.00546,233.0165,-4.9953003,0.006286621,4.9953046
36,392.00256,217.99333,387.00275,214.99483,-4.999817,-2.9985046,5.8300257
36,415.99017,247.98958,410.98758,244.98305,-5.002594,-3.0065308,5.836538
36,367.97495,248.00803,362.97498,245.00583,-4.9999695,-3.0021973,5.8320565
36,367.98233,199.98587,362.9792,196.98355,-5.0031433,-3.0023193,5.834841
36,416.00784,200.01028,411.00565,197.01007,-5.0021973,-3.0002136,5.8329463
36,396.00546,233.0165,391.0076,230.0164,-4.997864,-3.0000916,5.8291674
37,387.00275,214.99483,382.00244,211.993,-5.000305,-3.001831,5.8321557
37,410.98758,244.98305,405.9939,241.99004,-4.993683,-2.9930115,5.82194
37,362.97498,245.00583,357.9728,242.01018,-5.0021667,-2.9956512,5.8305745
37,362.9792,196.98355,357.982,193.98529,-4.9971924,-2.9982605,5.8276496
37,411.00565,197.01007,406.00113,194.01588,-5.0045166,-2.9941864,5.831838
37,391.0076,230.0164,386.00623,227.0182,-5.0013733,-2.9981995,5.8312035
38,382.00244,211.993,377.00262,206.99449,-4.999817,-4.9985046,7.069881
38,405.9939,241.99004,400.98813,236.9802,-5.005768,-5.009842,7.082106
38,357.9728,242.01018,352.9727,237.00494,-5.000122,-5.005234,7.074856
38,357.982,193.98529,352.98022,188.98412,-5.00177,-5.001175,7.0731506
38,406.00113,194.01588,401.0007,189.01411,-5.0004272,-5.00177,7.072622
38,386.00623,227.0182,381.0056,222.01836,-5.0006104,-4.9998474,7.0713916
39,377.00262,206.99449,371.00223,200.99532,-6.0003967,-5.999176,8.48498
39,400.98813,236.9802,394.98984,230.98183,-5.998291,-5.9983673,8.482919
39,352.9727,237.00494,346.97174,231.00443,-6.000946,-6.000519,8.486317
39,352.98022,188.98412,346.98962,182.99185,-5.9906006,-5.992264,8.473165
39,401.0007,189.01411,394.99866,183.01349,-6.0020447,-6.0006256,8.487169
39,381.0056,222.01836,375.00827,216.01878,-5.997345,-5.9995728,8.483102
40,371.00223,200.99532,366.00177,193.99382,-5.000458,-7.0014954,8.603808
40,394.98984,230.98183,389.9948,223.98752,-4.9950256,-6.9943085,8.594803
40,346.97174,231.00443,341.97046,224.00731,-5.0012817,-6.997116,8.600724
40,346.98962,182.99185,341.9897,175.99428,-4.999939,-6.997574,8.600316
40,394.99866,183.01349,390.00046,176.0134,-4.9981995,-7.0000916,8.601354
40,375.00827,216.01878,370.0077,209.01886,-5.00058,-6.9999237,8.6026
41,366.00177,193.99382,361.002,186.99535,-4.999756,-6.998474,8.600942
41,389.9948,223.98752,384.99164,216.98183,-5.003174,-7.0056915,8.608801
41,341.97046,224.00731,336.96884,217.00558,-5.0016174,-7.0017242,8.604669
41,341.9897,175.99428,336.98233,168.98625,-5.0073547,-7.008026,8.6131315
41,390.00046,176.0134,385.00046,169.01033,-5.0,-7.003067,8.604821
41,370.0077,209.01886,365.00702,202.01924,-5.0006714,-6.9996185,8.602406
42,361.002,186.99535,356.00327,178.99503,-4.998749,-8.00032,9.43359
42,384.99164,216.98183,379.99588,208.9821,-4.995758,-7.9997253,9.4315
42,336.96884,217.00558,331.97516,209.00179,-4.993683,-8.003799,9.433858
42,336.98233,168.98625,331.98624,160.99097,-4.9960938,-7.995285,9.427913
42,385.00046,169.01033,380.0046,161.01085,-4.9958496,-7.999481,9.431342
42,365.00702,202.01924,360.00644,194.02016,-5.00058,-7.9990845,9.433512
43,356.00327,178.99503,350.0032,171.99405,-6.000061,-7.0009766,9.220325
43,379.99588,208.9821,373.99716,201.98465,-5.9987183,-6.997452,9.216776
43,331.97516,209.00179,325.9741,202.00748,-6.001068,-6.9943085,9.2159195
43,331.98624,160.99097,325.9877,153.9938,-5.998535,-6.997162,9.216436
43,380.0046,161.01085,374.003,154.01437,-6.0016174,-6.996475,9.217921
43,360.00644,194.02016,354.0068,187.01999,-5.999634,-7.000168,9.219434
44,350.0032,171.99405,345.0022,163.99448,-5.001007,-7.9995728,9.434153
44,373.99716,201.98465,368.98297,193.96959,-5.0141907,-8.01506,9.454274
44,325.9741,202.00748,320.97873,193.99681,-4.9953613,-8.010666,9.440573
44,325.9877,153.9938,320.98395,145.9921,-5.0037537,-8.001709,9.43742
44,374.003,154.01437,368.99844,146.01772,-5.004547,-7.9966583,9.433559
44,354.0068,187.01999,349.00754,179.01883,-4.9992676,-8.00116,9.434576
45,345.0022,163.99448,340.0029,155.99344,-4.999298,-8.001038,9.434489
45,368.98297,193.96959,363.9977,185.98514,-4.98526,-7.9844513,9.412985
45,320.97873,193.99681,315.97327,186.00868,-5.0054626,-7.9881287,9.426816
45,320.98395,145.9921,315.98682,137.99274,-4.9971313,-7.999359,9.431917
45,368.99844,146.01772,364.00323,138.01761,-4.9952087,-8.000107,9.431533
45,349.00754,179.01883,344.00598,171.0209,-5.0015564,-7.997925,9.433046
46,340.0029,155.99344,335.00296,148.99478,-4.999939,-6.998657,8.601197
46,363.9977,185.98514,358.989,178.97673,-5.0086975,-7.0084076,8.614223
46,315.97327,186.00868,310.97186,179.00694,-5.001404,-7.0017395,8.604557
46,315.98682,137.99274,310.98117,130.98718,-5.0056458,-7.005554,8.6101265
46,364.00323,138.01761,359.00485,131.01398,-4.9983826,-7.0036316,8.604341
46,344.00598,171.0209,339.00723,164.02026,-4.998749,-7.000641,8.602119
47,335.00296,148.99478,330.00464,142.99457,-4.9983215,-6.0002136,7.809339
47,358.989,178.97673,353.9921,172.97954,-4.9969177,-5.9971924,7.8061194
47,310.97186,179.00694,305.99622,172.99315,-4.975647,-6.013794,7.805305
47,310.98117,130.98718,305.99982,124.99608,-4.9813538,-5.991104,7.7914834
47,359.00485,131.01398,354.00616,125.015816,-4.9986877,-5.9981613,7.807997
47,339.00723,164.02026,334.0057,158.02205,-5.001526,-5.9982147,7.8098555
48,330.00464,142.99457,324.00504,136.9963,-5.9996033,-5.9982605,8.48377
48,353.9921,172.97954,347.9909,166.9813,-6.00119,-5.9982452,8.484882
48,305.99622,172.99315,299.98514,167.00146,-6.011078,-5.991684,8.487246
48,305.99982,124.99608,299.98962,118.990005,-6.010193,-6.006073,8.496783
48,354.00616,125.015816,348.00586,119.01563,-6.000305,-6.000183,8.485626
48,334.0057,158.02205,328.00613,152.02191,-5.9995728,-6.0001373,8.485076
49,324.00504,136.9963,319.0035,132.9958,-5.001526,-4.0005035,6.40463
49,347.9909,166.9813,342.99487,162.98433,-4.9960327,-3.9969635,6.3981295
49,299.98514,167.00146,294.98083,163.00461,-5.004303,-3.9968567,6.404523
49,299.98962,118.990005,294.9849,114.985435,-5.00473,-4.00457,6.409673
49,348.00586,119.01563,343.0072,115.01506,-4.998657,-4.000572,6.402433
49,328.00613,152.02191,323.00604,148.02159,-5.0000916,-4.0003204,6.403396
50,319.0035,132.9958,314.0034,130.99174,-5.000122,-2.0040588,5.386787
50,342.99487,162.98433,337.99756,160.98495,-4.9973145,-1.9993744,5.382439
50,294.98083,163.00461,289.98465,161.00134,-4.9961853,-2.0032654,5.382838
50,294.9849,114.985435,289.99112,112.990105,-4.9937744,-1.9953308,5.3776507
50,343.0072,115.01506,338.00864,113.01506,-4.9985657,-2.0,5.383833
50,323.00604,148.02159,318.00513,146.02286,-5.0009155,-1.9987335,5.385545
51,314.0034,130.99174,309.00302,129.99023,-5.000366,-1.0015106,5.099675
51,337.99756,160.98495,332.9979,159.9886,-4.9996643,-0.99635315,5.097976
51,289.98465,161.00134,284.9773,160.01375,-5.0073547,-0.9875946,5.1038165
51,289.99112,112.990105,284.9879,111.98822,-5.0032043,-1.0018845,5.1025314
51,338.00864,113.01506,333.0032,112.015915,-5.005432,-0.9991455,5.104179
51,318.00513,146.02286,313.0069,145.0219,-4.99823,-1.0009613,5.0974727
52,309.00302,129.99023,303.0017,129.98958,-6.0013123,-0.00065612793,6.0013123
52,332.9979,159.9886,326.9976,159.98877,-6.000305,0.00016784668,6.000305
52,284.9773,160.01375,278.97653,160.01323,-6.000763,-0.0005187988,6.000763
52,284.9879,111.98822,278.98737,111.988754,-6.0005493,0.0005340576,6.0005493
52,333.0032,112.015915,327.0024,112.015594,-6.0007935,-0.00032043457,6.0007935
52,313.0069,145.0219,307.0085,145.02132,-5.9983826,-0.000579834,5.9983826
53,303.0017,129.98958,298.0024,130.99048,-4.999298,1.0009003,5.098508
53,326.9976,159.98877,321.9985,160.98724,-4.9990845,0.9984741,5.0978227
53,278.97653,160.01323,273.9783,161.00801,-4.99823,0.9947815,5.0962625
53,278.98737,111.988754,273.9883,112.98392,-4.999054,0.99516296,5.097145
53,327.0024,112.015594,322.00568,113.01623,-4.9967346,1.0006332,5.095942
53,307.0085,145.02132,302.00574,146.02452,-5.002777,1.0032043,5.1023717
54,298.0024,130.99048,293.00208,133.98907,-5.0003357,2.9985962,5.8305173
54,321.9985,160.98724,316.99628,163.98825,-5.002228,3.001007,5.8333807
54,273.9783,161.00801,268.97458,164.0117,-5.003723,3.0036926,5.8360443
54,273.9883,112.98392,268.98306,115.98703,-5.005249,3.0031128,5.8370547
54,322.00568,113.01623,316.99554,116.01997,-5.010132,3.003746,5.8415675
54,302.00574,146.02452,297.0077,149.02322,-4.998047,2.998703,5.82861
55,293.00208,133.98907,288.00235,138.9912,-4.9997253,5.002121,7.0723734
55,316.99628,163.98825,311.995,168.98552,-5.0012817,4.9972687,7.070043
55,268.97458,164.0117,263.97913,169.00475,-4.995453,4.993042,7.0629325
55,268.98306,115.98703,263.98596,120.9847,-4.997101,4.997673,7.0673723
55,316.99554,116.01997,312.00397,121.01412,-4.991577,4.9941483,7.0609746
55,297.0077,149.02322,292.0064,154.02527,-5.0012817,5.0020447,7.07342
56,288.00235,138.9912,282.00192,143.98996,-6.0004272,4.998764,7.809787
56,311.995,168.98552,305.9952,173.99002,-5.9997864,5.0045013,7.8129683
56,263.97913,169.00475,257.97595,174.00998,-6.003174,5.005234,7.8160386
56,263.98596,120.9847,257.98718,125.98747,-5.9987793,5.0027695,7.811085
56,312.00397,121.01412,306.00262,126.01695,-6.001343,5.0028305,7.813093
56,292.0064,154.02527,286.00656,159.02563,-5.9998474,5.000366,7.810367
57,282.00192,143.98996,277.00226,150.99149,-4.9996643,7.001526,8.603372
57,305.9952,173.99002,300.9883,180.98128,-5.006897,6.9912567,8.599226
57,257.97595,174.00998,252.97626,181.00706,-4.999695,6.9970856,8.599776
57,257.98718,125.98747,252.98248,132.9827,-5.0046997,6.995224,8.601173
57,306.00262,126.01695,300.99954,133.01212,-5.0030823,6.995163,8.600183
57,286.00656,159.02563,281.0056,166.02641,-5.000946,7.000778,8.603508
58,277.00226,150.99149,272.00177,157.99037,-5.0004883,6.998886,8.601703
58,300.9883,180.98128,295.9945,187.98845,-4.993805,7.0071716,8.604566
58,252.97626,181.00706,247.9761,188.00937,-5.0001526,7.002304,8.604289
58,252.98248,132.9827,247.98775,139.98856,-4.9947357,7.0058594,8.604037
58,300.99954,133.01212,295.99762,140.01762,-5.0019226,7.0055084,8.607925
58,281.0056,166.02641,276.00552,173.02588,-5.0000916,6.999466,8.601944
59,272.00177,157.99037,267.00415,165.9876,-4.9976196,7.997223,9.430365
59,295.9945,187.98845,290.9877,195.9885,-5.0068054,8.000046,9.437629
59,247.9761,188.00937,242.97415,196.01038,-5.001953,8.001007,9.43587
59,247.98775,139.98856,242.98317,147.98643,-5.0045776,7.997879,9.434609
59,295.99762,140.01762,290.9951,148.02089,-5.002533,8.003265,9.438092
59,276.00552,173.02588,271.0062,181.02216,-4.9993286,7.996277,9.430469
60,267.00415,165.9876,262.00436,173.98557,-4.9997864,7.9979706,9.432147
60,290.9877,195.9885,285.99246,203.99107,-4.9952393,8.002579,9.433646
60,242.97415,196.01038,237.97531,204.01086,-4.9988403,8.000488,9.433781
60,242.98317,147.98643,237.99654,156.00313,-4.9866333,8.016693,9.441074
60,290.9951,148.02089,285.99393,156.02948,-5.0011597,8.008591,9.441881
60,271.0062,181.02216,266.00412,189.02425,-5.002075,8.00209,9.436854
61,262.00436,173.98557,256.00464,180.98703,-5.9997253,7.001465,9.220478
61,285.99246,203.99107,279.99026,210.98853,-6.0021973,6.997452,9.219041
61,237.97531,204.01086,231.97766,211.00644,-5.99765,6.995575,9.214655
61,237.99654,156.00313,231.98566,162.98518,-6.0108795,6.9820557,9.213022
61,285.99393,156.02948,280.0032,163.01216,-5.9907227,6.9826813,9.200358
61,266.00412,189.02425,260.0038,196.0242,-6.000305,6.999954,9.219708
62,256.00464,180.98703,251.00536,188.98792,-4.999283,8.000885,9.434352
62,279.99026,210.98853,274.985,218.988,-5.0052795,7.999481,9.43634
62,231.97766,211.00644,226.97995,219.0027,-4.997711,7.9962616,9.429598
62,231.98566,162.98518,226.98375,170.98445,-5.0019073,7.9992676,9.434371
62,280.0032,163.01216,274.9968,171.01299,-5.0064087,8.000824,9.438078
62,260.0038,196.0242,255.00574,204.02377,-4.9980774,7.9995728,9.4326
63,251.00536,188.98792,246.00497,195.98628,-5.0003815,6.9983673,8.601218
63,274.985,218.988,269.98993,225.9952,-4.995056,7.007187,8.605304
63,226.97995,219.0027,221.97586,226.00949,-5.0040894,7.00679,8.610228
63,226.98375,170.98445,221.98766,177.98785,-4.9960938,7.0034027,8.602825
63,274.9968,171.01299,269.99832,178.01495,-4.998474,7.0019684,8.603041
63,255.00574,204.02377,250.00432,211.02585,-5.001419,7.002075,8.604838
64,246.00497,195.98628,241.00528,202.98787,-4.999695,7.001587,8.603439
64,269.98993,225.9952,264.98334,232.986,-5.006592,6.990799,8.598677
64,221.97586,226.00949,216.97424,233.0081,-5.0016174,6.9986115,8.602136
64,221.98766,177.98785,216.9817,184.98221,-5.005951,6.9943542,8.601194
64,269.99832,178.01495,264.99792,185.01213,-5.0003967,6.997177,8.600259
64,250.00432,211.02585,245.00397,218.02602,-5.000351,7.000168,8.602666
65,241.00528,202.98787,235.00491,207.98619,-6.000366,4.9983215,7.8094563
65,264.98334,232.986,258.98657,237.99072,-5.996765,5.00473,7.810795
65,216.97424,233.0081,210.97389,238.00877,-6.000351,5.0006714,7.810949
65,216.9817,184.98221,210.98438,189.98622,-5.9973297,5.004013,7.810769
65,264.99792,185.01213,258.99646,190.01373,-6.001465,5.001602,7.812401
65,245.00397,218.02602,239.00606,223.02696,-5.9979095,5.000946,7.8092494
66,235.00491,207.98619,230.0053,212.98837,-4.9996185,5.002182,7.072341
66,258.98657,237.99072,253.98843,242.98505,-4.9981384,4.9943237,7.0657387
66,210.97389,238.00877,205.99779,242.99117,-4.9761047,4.9823914,7.0417213
66,210.98438,189.98622,205.99951,194.99332,-4.9848633,5.0070953,7.065399
66,258.99646,190.01373,254.00226,195.00911,-4.9942017,4.9953766,7.0636983
66,239.00606,223.02696,234.0041,228.02821,-5.001953,5.001251,7.0733337
67,230.0053,212.98837,225.00488,215.98662,-5.000412,2.9982452,5.830403
67,253.98843,242.98505,248.98204,245.97844,-5.0063934,2.993393,5.8330417
67,205.99779,242.99117,200.97742,246.007,-5.0203705,3.0158386,5.8565693
67,205.99951,194.99332,200.98264,197.98729,-5.016876,2.9939728,5.8423386
67,254.00226,195.00911,248.9938,198.01318,-5.0084534,3.004074,5.8402967
67,234.0041,228.02821,229.00555,231.02922,-4.9985504,3.001007,5.8302274
68,225.00488,215.98662,220.00522,217.98557,-4.9996643,1.9989471,5.3844624
68,248.98204,245.97844,243.97815,247.97676,-5.003891,1.9983215,5.388155
68,200.97742,246.007,195.98236,248.00381,-4.995056,1.9968109,5.3793902
68,200.98264,197.98729,195.98508,199.98846,-4.9975586,2.001175,5.3833346
68,248.9938,198.01318,243.98386,200.01886,-5.0099487,2.0056763,5.39651
68,229.00555,231.02922,224.00322,233.03226,-5.0023346,2.0030365,5.3884606
69,220.00522,217.98557,214.00485,217.98538,-6.000366,-0.00018310547,6.000366
69,243.97815,247.97676,237.98662,247.98051,-5.9915314,0.003753662,5.991533
69,195.98236,248.00381,189.98111,248.0048,-6.001251,0.0009918213,6.001251
69,195.98508,199.98846,189.9875,199.99127,-5.997574,0.0028076172,5.997575
69,243.98386,200.01886,237.99615,200.00945,-5.9877014,-0.009414673,5.987709
69,224.00322,233.03226,218.0032,233.03229,-6.0000153,3.0517578e-05,6.0000153
70,214.00485,217.98538,209.00526,216.9872,-4.999588,-0.9981842,5.09826
70,237.98662,247.98051,232.98047,246.97559,-5.0061493,-1.0049286,5.106017
70,189.98111,248.0048,184.97835,247.00526,-5.002762,-0.99954224,5.101638
70,189.9875,199.99127,184.9789,198.98445,-5.008606,-1.0068207,5.1087985
70,237.99615,200.00945,232.99492,199.00795,-5.001236,-1.0014954,5.100525
70,218.0032,233.03229,213.00272,232.03242,-5.0004883,-0.9998627,5.0994716
71,209.00526,216.9872,204.0049,214.9844,-5.000366,-2.0027924,5.3865423
71,232.98047,246.97559,227.98997,244.97986,-4.990494,-1.9957275,5.3747516
71,184.97835,247.00526,179.97952,245.00156,-4.998825,-2.003708,5.3854523
71,184.9789,198.98445,179.98267,196.98495,-4.996231,-1.9994965,5.3814783
71,232.99492,199.00795,228.00192,197.00327,-4.992996,-2.0046844,5.3804064
71,213.00272,232.03242,208.00146,230.03458,-5.001251,-1.9978485,5.385528
72,204.0049,214.9844,199.00493,210.9849,-4.9999695,-3.9995117,6.4027953
72,227.98997,244.97986,222.98557,240.97795,-5.00441,-4.0019073,6.407759
72,179.97952,245.00156,174.97787,241.00157,-5.001648,-3.9999847,6.4044013
72,179.98267,196.98495,174.9875,192.9879,-4.995163,-3.997055,6.397507
72,228.00192,197.00327,222.98972,193.0105,-5.012207,-3.9927673,6.408152
72,208.00146,230.03458,203.00372,226.03482,-4.9977417,-3.9997559,6.4012084
73,199.00493,210.9849,194.0047,205.98383,-5.000229,-5.001068,7.071985
73,222.98557,240.97795,217.99089,235.98428,-4.9946747,-4.9936676,7.0628247
73,174.97787,241.00157,169.97952,236.00082,-4.998352,-5.0007477,7.070431
73,174.9875,192.9879,169.98877,187.99356,-4.9987335,-4.994339,7.06617
73,222.98972,193.0105,217.9901,188.01227,-4.9996185,-4.99823,7.0695467
73,203.00372,226.03482,198.00323,221.03503,-5.0004883,-4.9997864,7.071262
74,194.0047,205.98383,188.0046,199.98401,-6.000107,-5.999817,8.485228
74,217.99089,235.98428,211.99321,229.98718,-5.9976807,-5.997101,8.481591
74,169.97952,236.00082,163.98079,230.00285,-5.9987335,-5.9979706,8.48295
74,169.98877,187.99356,163.99022,181.99252,-5.9985504,-6.0010376,8.48499
74,217.9901,188.01227,211.99344,182.00995,-5.9966583,-6.0023193,8.484559
74,198.00323,221.03503,192.00357,215.03406,-5.9996643,-6.0009766,8.485735
75,188.0046,199.98401,183.00456,192.98596,-5.0000305,-6.998047,8.600754
75,211.99321,229.98718,206.98923,222.97913,-5.0039825,-7.0080566,8.611196
75,163.98079,230.00285,158.97911,222.99991,-5.0016785,-7.002945,8.605697
75,163.99022,181.99252,158.98282,174.98766,-5.0074005,-7.0048676,8.610588
75,211.99344,182.00995,206.99109,175.0101,-5.00235,-6.9998474,8.603567
75,192.00357,215.03406,187.0054,208.03339,-4.998169,-7.0006714,8.601808
76,183.00456,192.98596,178.00429,185.98459,-5.0002747,-7.0013733,8.603602
76,206.98923,222.97913,201.99245,215.98541,-4.9967804,-6.9937134,8.595338
76,158.97911,222.99991,153.98116,216.00163,-4.9979553,-6.9982758,8.599733
76,158.98282,174.98766,153.98944,167.99411,-4.9933777,-6.9935455,8.593224
76,206.99109,175.0101,201.99251,168.01054,-4.998581,-6.9995575,8.60114
76,187.0054,208.03339,182.00519,201.03346,-5.0002136,-6.9999237,8.602387
77,178.00429,185.98459,173.00394,177.98543,-5.000351,-7.999161,9.433455
77,201.99245,215.98541,196.98808,207.98126,-5.004364,-8.00415,9.439814
77,153.98116,216.00163,148.97766,208.00319,-5.0034943,-7.9984436,9.434514
77,153.98944,167.99411,148.98415,159.99153,-5.005295,-8.002579,9.438974
77,201.99251,168.01054,196.98747,160.01642,-5.0050354,-7.9941254,9.431671
77,182.00519,201.03346,177.0053,193.03326,-4.999893,-8.000198,9.4340925
78,173.00394,177.98543,167.00429,170.98755,-5.999649,-6.997879,9.217706
78,196.98808,207.98126,190.98326,200.97688,-6.004822,-7.0043793,9.226007
78,148.97766,208.00319,142.97995,200.99919,-5.997711,-7.003998,9.221091
78,148.98415,159.99153,142.98405,152.98795,-6.0000916,-7.003586,9.222327
78,196.98747,160.01642,190.98918,153.01292,-5.998291,-7.0034943,9.221086
78,177.0053,193.03326,171.00404,186.03416,-6.001251,-6.9990997,9.219675
79,167.00429,170.98755,162.00362,162.98628,-5.0006714,-8.0012665,9.4354105
79,190.98326,200.97688,185.9895,192.97903,-4.993759,-7.9978485,9.42885
79,142.97995,200.99919,137.98273,192.99829,-4.997223,-8.0009,9.433273
79,142.98405,152.98795,137.98563,144.98553,-4.9984283,-8.002411,9.435193
79,190.98918,153.01292,185.99228,145.01071,-4.9969025,-8.002213,9.4342165
79,171.00404,186.03416,166.00266,178.03622,-5.0013885,-7.99794,9.432971
80,162.00362,162.98628,157.00545,154.98633,-4.998169,-7.999954,9.432972
80,185.9895,192.97903,180.98502,184.97598,-5.004486,-8.003052,9.438947
80,137.98273,192.99829,132.97662,185.00316,-5.0061035,-7.9951324,9.433091
80,137.98563,144.98553,132.97905,136.98215,-5.0065765,-8.003387,9.44034
80,185.99228,145.01071,180.98837,137.0115,-5.0039062,-7.9992065,9.435379
80,166.00266,178.03622,161.00302,170.03525,-4.999634,-8.000977,9.434615
81,157.00545,154.98633,152.00487,147.98505,-5.00058,-7.0012817,8.603705
81,180.98502,184.97598,175.99214,177.98239,-4.992874,-6.9935913,8.592969
81,132.97662,185.00316,127.977196,178.00307,-4.999428,-7.0000916,8.602067
81,132.97905,136.98215,127.9867,129.9927,-4.9923477,-6.989441,8.589285
81,180.98837,137.0115,175.98788,130.0156,-5.0004883,-6.9959106,8.599281
81,161.00302,170.03525,156.00204,163.03688,-5.0009766,-6.9983673,8.601564
82,152.00487,147.98505,146.0049,141.98497,-5.9999695,-6.0000763,8.485313
82,175.99214,177.98239,169.99078,171.98195,-6.001358,-6.0004425,8.486554
82,127.977196,178.00307,121.976746,172.00273,-6.00045,-6.0003357,8.485837
82,127.9867,129.9927,121.98678,123.99324,-5.9999237,-5.999466,8.48485
82,175.98788,130.0156,169.98807,124.01548,-5.999817,-6.0001144,8.485232
82,156.00204,163.03688,150.00165,157.03798,-6.0003967,-5.9989014,8.484785
83,146.0049,141.98497,141.00677,136.98871,-4.998123,-4.9962616,7.067097
83,169.99078,171.98195,164.98766,166.97913,-5.003128,-5.002823,7.0752754
83,121.976746,172.00273,116.97326,167.01205,-5.0034866,-4.990677,7.0669465
83,121.98678,123.99324,116.97587,118.978745,-5.01091,-5.014496,7.0890326
83,169.98807,124.01548,164.99034,119.01107,-4.9977264,-5.00441,7.07258
83,150.00165,157.03798,145.00038,152.03508,-5.0012665,-5.002899,7.074013
84,141.00677,136.98871,136.00755,132.9898,-4.999222,-3.9989014,6.40183
84,164.98766,166.97913,159.99437,162.97829,-4.993286,-4.000839,6.3984075
84,116.97326,167.01205,111.977005,163.01003,-4.996254,-4.0020294,6.401468
84,116.97587,118.978745,111.98507,114.98902,-4.990799,-3.9897232,6.38952
84,164.99034,119.01107,159.99567,115.01011,-4.9946747,-4.0009613,6.3995676
84,145.00038,152.03508,139.99997,148.03583,-5.000412,-3.9992523,6.402979
85,136.00755,132.9898,131.00748,130.98973,-5.0000763,-2.0000763,5.385264
85,159.99437,162.97829,154.9903,160.97447,-5.004074,-2.0038147,5.3903646
85,111.977005,163.01003,106.97354,161.01074,-5.0034637,-1.9992828,5.388115
85,111.98507,114.98902,106.98453,112.98831,-5.0005417,-2.0007095,5.385931
85,159.99567,115.01011,154.99243,113.01365,-5.003235,-1.99646,5.3868556
85,139.99997,148.03583,135.00298,146.03621,-4.996994,-1.9996185,5.382232
86,131.00748,130.98973,126.00692,129.98805,-5.000557,-1.0016785,5.099895
86,154.9903,160.97447,149.99626,159.98296,-4.994034,-0.9915161,5.0915103
86,106.97354,161.01074,101.97345,160.01344,-5.0000916,-0.9972992,5.0985804
86,106.98453,112.98831,101.988625,111.99219,-4.995903,-0.99612427,5.094243
86,154.99243,113.01365,149.99129,112.018036,-5.0011444,-0.9956131,5.099283
86,135.00298,146.03621,130.00238,145.0366,-5.000595,-0.9996033,5.0995255
87,126.00692,129.98805,120.00769,129.98853,-5.9992294,0.00047302246,5.9992294
87,149.99626,159.98296,143.98245,159.9758,-6.013809,-0.007156372,6.0138135
87,101.97345,160.01344,95.97391,160.01375,-5.999542,0.00030517578,5.999542
87,101.988625,111.99219,95.98757,111.990074,-6.001053,-0.0021133423,6.001053
87,149.99129,112.018036,143.9811,112.0224,-6.010193,0.0043640137,6.0101943
87,130.00238,145.0366,124.003555,145.03683,-5.998825,0.00022888184,5.998825
88,120.00769,129.98853,115.00899,131.99023,-4.998703,2.001709,5.3845954
88,143.98245,159.9758,138.9909,161.97931,-4.9915466,2.0035095,5.3786235
88,95.97391,160.01375,90.971466,162.0138,-5.0024414,2.0000458,5.387449
88,95.98757,111.990074,90.98242,113.987236,-5.00515,1.9971619,5.388894
88,143.9811,112.0224,138.99089,114.01689,-4.990204,1.9944916,5.374024
88,124.003555,145.03683,119.00582,147.03824,-4.997734,2.0014038,5.3835826
89,115.00899,131.99023,110.00936,134.99236,-4.999626,3.002121,5.8317227
89,138.9909,161.97931,133.99397,164.98097,-4.996933,3.0016632,5.8291783
89,90.971466,162.0138,85.97364,165.01003,-4.9978256,2.996231,5.827149
89,90.98242,113.987236,85.98315,116.985725,-4.999275,2.9984894,5.829553
89,138.99089,114.01689,133.99933,117.00948,-4.991562,2.9925919,5.8199053
89,119.00582,147.03824,114.00379,150.03986,-5.0020294,3.0016174,5.833524
90,110.00936,134.99236,105.009056,138.99307,-5.000305,4.000717,6.4038105
90,133.99397,164.98097,128.98915,168.97984,-5.004822,3.9988708,6.406185
90,85.97364,165.01003,80.97263,169.01006,-5.001007,4.0000305,6.4039297
90,85.98315,116.985725,80.98367,120.98663,-4.9994736,4.000908,6.4032803
90,133.99933,117.00948,128.99481,121.0093,-5.0045166,3.999817,6.4065375
90,114.00379,150.03986,109.00394,154.0393,-4.999855,3.9994507,6.402668
91,105.009056,138.99307,99.00875,144.99396,-6.000305,6.000885,8.486123
91,128.98915,168.97984,122.988495,174.97807,-6.000656,5.99823,8.484493
91,80.97263,169.01006,74.97034,175.00987,-6.0022964,5.999817,8.486775
91,80.98367,120.98663,74.98102,126.97994,-6.002655,5.993309,8.48243
91,128.99481,121.0093,122.99319,127.00814,-6.001625,5.9988403,8.48561
91,109.00394,154.0393,103.006546,160.04016,-5.9973907,6.0008545,8.484041
92,99.00875,144.99396,94.00837,150.99019,-5.0003815,5.996231,7.807599
92,122.988495,174.97807,117.99243,180.98047,-4.996063,6.0023956,7.8095713
92,74.97034,175.00987,69.97475,181.00607,-4.99559,5.9962006,7.8045077
92,74.98102,126.97994,69.98164,132.98056,-4.9993744,6.000618,7.8103237
92,122.99319,127.00814,117.99401,133.0062,-4.999176,5.9980545,7.8082275
92,103.006546,160.04016,98.00495,166.04196,-5.0015945,6.0018005,7.812654
93,94.00837,150.99019,89.00757,158.9904,-5.000801,8.000214,9.434587
93,117.99243,180.98047,112.98804,188.98029,-5.0043945,7.999817,9.436155
93,69.97475,181.00607,64.97019,189.00887,-5.0045547,8.002792,9.438764
93,69.98164,132.98056,64.975555,140.97699,-5.0060883,7.9964294,9.434182
93,117.99401,133.0062,112.991745,141.00107,-5.002266,7.994873,9.430836
93,98.00495,166.04196,93.005356,174.041,-4.9995956,7.9990387,9.432952
94,89.00757,158.9904,84.00711,165.98883,-5.000458,6.9984283,8.601313
94,112.98804,188.98029,107.99353,195.98628,-4.994507,7.0059967,8.604015
94,64.97019,189.00887,59.971085,196.01132,-4.9991074,7.0024567,8.603806
94,64.975555,140.97699,59.980423,147.98192,-4.9951324,7.0049286,8.603509
94,112.991745,141.00107,107.98965,148.00644,-5.002098,7.005371,8.607915
94,93.005356,174.041,88.00497,181.04144,-5.000389,7.0004425,8.602912
95,84.00711,165.98883,79.00689,173.98933,-5.0002213,8.000504,9.4345255
95,107.99353,195.98628,102.985954,203.98505,-5.007576,7.998764,9.436951
95,59.971085,196.01132,54.969383,204.00658,-5.0017014,7.9952545,9.43086
95,59.980423,147.98192,54.98576,155.99893,-4.9946632,8.017014,9.44559
95,107.98965,148.00644,102.9738,156.02373,-5.0158463,8.017288,9.457041
95,88.00497,181.04144,83.00687,189.0467,-4.9981003,8.005264,9.437439
96,79.00689,173.98933,73.00807,181.98985,-5.9988174,8.000519,9.999705
96,102.985954,203.98505,96.98659,211.98405,-5.9993668,7.999008,9.998827
96,54.969383,204.00658,48.96847,212.00891,-6.0009117,8.002335,10.002415
96,54.98576,155.99893,48.98442,163.9863,-6.001339,7.9873657,9.9907
96,102.9738,156.02373,96.9842,164.0095,-5.989601,7.985779,9.982384
96,83.00687,189.0467,77.005974,197.04729,-6.0008926,8.00058,10.000999
97,73.00807,181.98985,68.00836,188.99179,-4.99971,7.001938,8.603734
97,96.98659,211.98405,91.98847,218.98564,-4.9981155,7.001587,8.602522
97,48.96847,212.00891,43.975372,219.00253,-4.993099,6.993622,8.593124
97,48.98442,163.9863,43.98134,170.98001,-5.0030823,6.9937134,8.599003
97,96.9842,164.0095,91.98891,171.00314,-4.9952927,6.993637,8.594412
97,77.005974,197.04729,72.00516,204.04828,-5.0008163,7.000992,8.603607
98,68.00836,188.99179,63.009155,196.99283,-4.9992065,8.001038,9.434441
98,91.98847,218.98564,86.979454,226.98076,-5.009018,7.995117,9.434626
98,43.975372,219.00253,38.972534,227.00557,-5.002838,8.0030365,9.43806
98,43.98134,170.98001,38.975574,178.97568,-5.005764,7.9956665,9.433364
98,91.98891,171.00314,86.98652,179.00487,-5.002388,8.001724,9.436709
98,72.00516,204.04828,67.00737,212.04768,-4.9977875,7.999405,9.432304
99,63.009155,196.99283,60.008675,202.98894,-3.0004807,5.996109,6.704939
99,86.979454,226.98076,83.98095,232.98152,-2.9985046,6.000763,6.7082176
99,38.972534,227.00557,35.975067,233.00261,-2.997467,5.99704,6.7044234
99,38.975574,178.97568,35.98823,184.98811,-2.9873428,6.012436,6.713688
99,86.98652,179.00487,83.988365,185.00383,-2.9981537,5.9989624,6.7064505
99,67.00737,212.04768,64.00551,218.04987,-3.0018616,6.002182,6.710988
100,60.008675,202.98894,60.00906,208.99095,0.00038528442,6.002014,6.002014
100,83.98095,232.98152,83.98125,238.97963,0.0002975464,5.998108,5.998108
100,35.975067,233.00261,35.97575,239.00153,0.0006828308,5.9989166,5.9989166
100,35.98823,184.98811,35.987,190.98615,-0.0012321472,5.9980316,5.9980316
100,83.988365,185.00383,83.98566,191.00426,-0.002708435,6.0004272,6.0004277
100,64.00551,218.04987,64.005356,224.05046,-0.00015258789,6.000595,6.000595
101,60.00906,208.99095,60.00892,212.99042,-0.0001411438,3.999466,3.999466
101,83.98125,238.97963,83.98135,242.97826,0.00010681152,3.9986267,3.9986267
101,35.97575,239.00153,35.97705,243.00314,0.0013008118,4.0016174,4.0016174
101,35.987,190.98615,35.98614,194.98495,-0.0008583069,3.9988098,3.9988098
101,83.98566,191.00426,83.98501,195.00734,-0.00064849854,4.0030823,4.0030823
101,64.005356,224.05046,64.005325,228.05058,-3.0517578e-05,4.000122,4.000122
102,60.00892,212.99042,60.00842,215.98863,-0.00049972534,2.9982147,2.9982147
102,83.98135,242.97826,83.98507,245.9844,0.0037155151,3.0061493,3.0061517
102,35.97705,243.00314,35.975662,246.00726,-0.0013885498,3.0041199,3.00412
102,35.98614,194.98495,35.98633,197.9864,0.00018692017,3.0014496,3.0014496
102,83.98501,195.00734,83.98543,198.00854,0.0004196167,3.0012054,3.0012054
102,64.005325,228.05058,64.00505,231.05258,-0.0002746582,3.001999,3.001999
103,60.00842,215.98863,60.00846,217.98897,4.196167e-05,2.0003357,2.0003357
103,83.98507,245.9844,83.98471,247.9833,-0.00035858154,1.9989014,1.9989014
103,35.975662,246.00726,35.97517,248.00792,-0.00049209595,2.0006561,2.0006564
103,35.98633,197.9864,35.986137,199.9868,-0.00019073486,2.0003967,2.0003967
103,83.98543,198.00854,83.986176,200.00934,0.00074768066,2.0007935,2.0007935
103,64.00505,231.05258,64.00464,233.0541,-0.0004119873,2.0015106,2.0015106
104,60.00846,217.98897,60.00846,217.98897,0.0,0.0,0.0
104,83.98471,247.9833,83.98471,247.9833,0.0,0.0,0.0
104,35.97517,248.00792,35.975147,248.00783,-2.2888184e-05,-9.1552734e-05,9.43704e-05
104,35.986137,199.9868,35.9862,199.98691,6.1035156e-05,0.00010681152,0.00012302029
104,83.986176,200.00934,83.986176,200.00934,0.0,0.0,0.0
104,64.00464,233.0541,64.00464,233.0541,0.0,0.0,0.0
105,60.00846,217.98897,60.008698,216.9905,0.00023651123,-0.9984741,0.9984741
105,83.98471,247.9833,83.98506,246.9837,0.00035095215,-0.9996033,0.99960333
105,35.975147,248.00783,35.972786,247.00603,-0.0023612976,-1.0018005,1.0018033
105,35.9862,199.98691,35.987453,198.98718,0.0012550354,-0.99972534,0.9997261
105,83.986176,200.00934,83.9859,199.00716,-0.0002746582,-1.002182,1.0021821
105,64.00464,233.0541,64.00455,232.05391,-9.1552734e-05,-1.0001831,1.0001831
106,60.008698,216.9905,60.008434,214.98863,-0.0002632141,-2.0018616,2.0018616
106,83.98506,246.9837,83.98423,244.98337,-0.000831604,-2.0003357,2.0003357
106,35.972786,247.00603,35.972603,245.00621,-0.00018310547,-1.9998169,1.9998169
106,35.987453,198.98718,35.984962,196.98581,-0.0024909973,-2.0013733,2.001375
106,83.9859,199.00716,83.9871,197.00845,0.0011978149,-1.998703,1.9987034
106,64.00455,232.05391,64.00476,230.05331,0.00021362305,-2.000595,2.000595
107,60.008434,214.98863,60.00855,210.9923,0.00011444092,-3.996338,3.996338
107,83.98423,244.98337,83.98784,240.98927,0.0036087036,-3.9940948,3.9940965
107,35.972603,245.00621,35.975914,241.00624,0.0033111572,-3.9999695,3.9999707
107,35.984962,196.98581,35.979958,192.98888,-0.005004883,-3.996933,3.996936
107,83.9871,197.00845,83.98718,193.01028,8.392334e-05,-3.998169,3.998169
107,64.00476,230.05331,64.00193,226.05426,-0.0028305054,-3.999054,3.999055
108,60.00855,210.9923,60.00822,205.99113,-0.00032806396,-5.0011597,5.0011597
108,83.98784,240.98927,83.99074,235.9945,0.00289917,-4.994766,4.9947667
108,35.975914,241.00624,35.97834,236.0088,0.0024261475,-4.9974365,4.997437
108,35.979958,192.98888,35.98217,187.99324,0.0022125244,-4.995636,4.9956365
108,83.98718,193.01028,83.98577,188.01352,-0.001411438,-4.996765,4.996765
108,64.00193,226.05426,64.00287,221.05418,0.0009384155,-5.0000763,5.0000763
109,60.00822,205.99113,60.008335,199.99142,0.00011444092,-5.99971,5.99971
109,83.99074,235.9945,83.98907,229.99414,-0.0016708374,-6.000366,6.0003667
109,35.97834,236.0088,35.975212,230.01163,-0.0031280518,-5.997177,5.997178
109,35.98217,187.99324,35.980267,181.99092,-0.0019035339,-6.0023193,6.0023193
109,83.98577,188.01352,83.98528,182.01277,-0.00048828125,-6.0007477,6.0007477
109,64.00287,221.05418,64.00319,215.05302,0.00032043457,-6.0011597,6.0011597
110,60.008335,199.99142,60.008553,192.9927,0.00021743774,-6.9987183,6.9987183
110,83.98907,229.99414,83.98776,222.98811,-0.0013046265,-7.006027,7.006027
110,35.975212,230.01163,35.97529,223.00873,7.6293945e-05,-7.002899,7.002899
110,35.980267,181.99092,35.979904,174.98792,-0.00036239624,-7.003006,7.003006
110,83.98528,182.01277,83.98799,175.00731,0.002708435,-7.0054626,7.005463
110,64.00319,215.05302,64.00348,208.05139,0.000289917,-7.0016327,7.0016327
111,60.008553,192.9927,60.008583,184.99287,3.0517578e-05,-7.999832,7.999832
111,83.98776,222.98811,83.98767,214.98819,-9.1552734e-05,-7.9999237,7.9999237
111,35.97529,223.00873,35.97509,215.0089,-0.00019836426,-7.999832,7.999832
111,35.979904,174.98792,35.981262,166.9893,0.0013580322,-7.9986115,7.9986115
111,83.98799,175.00731,83.98822,167.00746,0.00022888184,-7.9998474,7.9998474
111,64.00348,208.05139,64.00348,200.05142,0.0,-7.9999695,7.9999695
112,60.008583,184.99287,60.008503,176.99297,-8.010864e-05,-7.9999084,7.9999084
112,83.98767,214.98819,83.9859,206.98784,-0.0017700195,-8.000351,8.000351
112,35.97509,215.0089,35.97616,207.00874,0.0010681152,-8.000153,8.000153
112,35.981262,166.9893,35.979782,158.98785,-0.0014801025,-8.00145,8.00145
112,83.98822,167.00746,83.987755,159.00728,-0.00046539307,-8.000183,8.000183
112,64.00348,200.05142,64.00345,192.05147,-3.0517578e-05,-7.999954,7.999954
113,60.008503,176.99297,60.00814,169.99132,-0.00036239624,-7.001648,7.001648
113,83.9859,206.98784,83.988434,199.99033,0.002532959,-6.997513,6.9975133
113,35.97616,207.00874,35.974815,200.01419,-0.0013427734,-6.9945526,6.9945526
113,35.979782,158.98785,35.98304,151.99242,0.0032577515,-6.9954376,6.995438
113,83.987755,159.00728,83.98418,152.01236,-0.003578186,-6.994919,6.99492
113,64.00345,192.05147,64.00392,185.0513,0.00047302246,-7.000168,7.000168
114,60.00814,169.99132,60.008152,161.99147,1.1444092e-05,-7.9998474,7.9998474
114,83.988434,199.99033,83.98848,191.99152,4.5776367e-05,-7.99881,7.99881
114,35.974815,200.01419,35.975365,192.01451,0.0005493164,-7.9996796,7.9996796
114,35.98304,151.99242,35.983395,143.9928,0.00035476685,-7.9996185,7.9996185
114,83.98418,152.01236,83.985214,144.01141,0.0010375977,-8.000946,8.000946
114,64.00392,185.0513,64.00383,177.05145,-9.1552734e-05,-7.9998474,7.9998474
115,60.008152,161.99147,60.008263,154.9927,0.00011062622,-6.998764,6.998764
115,83.98848,191.99152,83.98668,184.98868,-0.0018005371,-7.002838,7.0028386
115,35.975365,192.01451,35.97371,185.01205,-0.0016555786,-7.0024567,7.002457
115,35.983395,143.9928,35.97914,136.9866,-0.0042533875,-7.006195,7.0061965
115,83.985214,144.01141,83.98496,137.00912,-0.00025177002,-7.002289,7.002289
115,64.00383,177.05145,64.00388,170.05098,5.340576e-05,-7.000473,7.000473
116,60.008263,154.9927,60.007908,147.99147,-0.00035476685,-7.001236,7.001236
116,83.98668,184.98868,83.98637,177.99371,-0.00031280518,-6.9949646,6.9949646
116,35.97371,185.01205,35.97608,178.01271,0.0023727417,-6.999344,6.9993443
116,35.97914,136.9866,35.981995,129.9917,0.0028533936,-6.9949036,6.994904
116,83.98496,137.00912,83.98359,130.01266,-0.001373291,-6.99646,6.99646
116,64.00388,170.05098,64.0037,163.05287,-0.00018310547,-6.998108,6.998108
117,60.007908,147.99147,60.007812,141.99094,-9.536743e-05,-6.000534,6.000534
117,83.98637,177.99371,83.98689,171.99338,0.0005264282,-6.0003357,6.0003357
117,35.97608,178.01271,35.97528,172.01222,-0.0008010864,-6.0004883,6.0004883
117,35.981995,129.9917,35.983307,123.99285,0.0013122559,-5.998848,5.998848
117,83.98359,130.01266,83.98421,124.01336,0.00061798096,-5.9993057,5.9993057
117,64.0037,163.05287,64.003265,157.05434,-0.0004348755,-5.998535,5.998535
118,60.007812,141.99094,60.008045,136.99237,0.00023269653,-4.9985657,4.9985657
118,83.98689,171.99338,83.984184,166.99095,-0.002708435,-5.002426,5.002427
118,35.97528,172.01222,35.973732,167.01035,-0.0015487671,-5.001877,5.001877
118,35.983307,123.99285,35.976536,118.98452,-0.0067710876,-5.0083313,5.0083356
118,83.98421,124.01336,83.98743,119.00857,0.0032196045,-5.0047913,5.004792
118,64.003265,157.05434,64.00316,152.05382,-0.00010681152,-5.000519,5.000519
119,60.008045,136.99237,60.007812,132.98756,-0.00023269653,-4.0048065,4.0048065
119,83.984184,166.99095,83.98231,162.98904,-0.001876831,-4.0019073,4.001908
119,35.973732,167.01035,35.97557,163.00322,0.0018386841,-4.007126,4.0071263
119,35.976536,118.98452,35.976673,114.983955,0.0001373291,-4.0005646,4.0005646
119,83.98743,119.00857,83.988785,115.003815,0.0013580322,-4.004753,4.0047536
119,64.00316,152.05382,64.005936,148.05165,0.0027770996,-4.0021667,4.0021677
120,60.007812,132.98756,60.00758,129.98645,-0.00023269653,-3.001114,3.001114
120,83.98231,162.98904,83.98172,159.99242,-0.0005874634,-2.9966278,2.9966278
120,35.97557,163.00322,35.97661,160.00717,0.0010375977,-2.996048,2.996048
120,35.976673,114.983955,35.978935,111.98698,0.0022621155,-2.9969788,2.9969797
120,83.988785,115.003815,83.98387,112.01078,-0.00491333,-2.9930344,2.9930384
120,64.005936,148.05165,64.00628,145.05147,0.00034332275,-3.000183,3.000183
121,60.00758,129.98645,60.00766,129.98651,8.010864e-05,6.1035156e-05,0.000100710895
121,83.98172,159.99242,83.98134,159.99174,-0.00038146973,-0.0006713867,0.0007721912
121,35.97661,160.00717,35.97661,160.00714,0.0,-3.0517578e-05,3.0517578e-05
121,35.978935,111.98698,35.978973,111.98709,3.8146973e-05,0.00011444092,0.00012063132
121,83.98387,112.01078,83.983894,112.01075,2.2888184e-05,-3.0517578e-05,3.8146973e-05
121,64.00628,145.05147,64.006325,145.05138,4.5776367e-05,-9.1552734e-05,0.00010235907
122,60.00766,129.98651,60.00766,129.98651,0.0,0.0,0.0
122,83.98134,159.99174,83.98134,159.99174,0.0,0.0,0.0
122,35.97661,160.00714,35.97661,160.00714,0.0,0.0,0.0
122,35.978973,111.98709,35.978973,111.98709,0.0,0.0,0.0
122,83.983894,112.01075,83.983894,112.01075,0.0,0.0,0.0
122,64.006325,145.05138,64.006325,145.05138,0.0,0.0,0.0
123,60.00766,129.98651,60.00762,131.98625,-3.8146973e-05,1.9997406,1.9997406
123,83.98134,159.99174,83.9823,161.99402,0.0009613037,2.0022736,2.0022738
123,35.97661,160.00714,35.975937,162.00633,-0.0006713867,1.9991913,1.9991914
123,35.978973,111.98709,35.97912,113.987976,0.0001449585,2.000885,2.000885
123,83.983894,112.01075,83.98512,114.00945,0.0012283325,1.998703,1.9987034
123,64.006325,145.05138,64.006615,147.05025,0.000289917,1.9988708,1.9988708
124,60.00762,131.98625,60.007812,134.98749,0.00019073486,3.001236,3.001236
124,83.9823,161.99402,83.978966,164.99039,-0.0033340454,2.9963684,2.9963703
124,35.975937,162.00633,35.97821,165.0037,0.0022735596,2.9973602,2.997361
124,35.97912,113.987976,35.97481,116.982834,-0.004306793,2.9948578,2.994861
124,83.98512,114.00945,83.987686,117.00859,0.0025634766,2.9991379,2.999139
124,64.006615,147.05025,64.00671,150.04915,9.1552734e-05,2.9989014,2.9989014
125,60.007812,134.98749,60.00746,139.98627,-0.00035095215,4.9987793,4.9987793
125,83.978966,164.99039,83.98338,169.99397,0.0044174194,5.003586,5.0035877
125,35.97821,165.0037,35.97496,170.0074,-0.003250122,5.003708,5.003709
125,35.97481,116.982834,35.977676,121.98676,0.0028648376,5.003929,5.00393
125,83.987686,117.00859,83.98596,122.01102,-0.0017242432,5.002426,5.0024266
125,64.00671,150.04915,64.0074,155.0475,0.0006942749,4.998352,4.998352
126,60.00746,139.98627,60.007717,144.98776,0.00025558472,5.0014954,5.0014954
126,83.98338,169.99397,83.980644,174.99066,-0.0027389526,4.996689,4.99669
126,35.97496,170.0074,35.9762,175.00539,0.0012397766,4.997986,4.997986
126,35.977676,121.98676,35.974094,126.98191,-0.0035820007,4.9951477,4.995149
126,83.98596,122.01102,83.988525,127.006516,0.0025634766,4.9954987,4.995499
126,64.0074,155.0475,64.007545,160.04645,0.0001449585,4.998947,4.998947
127,60.007717,144.98776,60.00716,151.98605,-0.0005569458,6.998291,6.998291
127,83.980644,174.99066,83.98196,181.99635,0.0013122559,7.0056915,7.0056915
127,35.9762,175.00539,35.97573,182.00903,-0.00046920776,7.003647,7.003647
127,35.974094,126.98191,35.977764,133.9866,0.0036697388,7.004692,7.004693
127,83.988525,127.006516,83.985214,134.01135,-0.0033111572,7.004837,7.004838
127,64.007545,160.04645,64.00745,167.04816,-9.918213e-05,7.001709,7.001709
128,60.00716,151.98605,60.007378,158.98737,0.00021743774,7.0013123,7.0013123
128,83.98196,181.99635,83.98008,188.98843,-0.001876831,6.9920807,6.9920807
128,35.97573,182.00903,35.97799,189.00122,0.0022583008,6.9921875,6.992188
128,35.977764,133.9866,35.977547,140.98463,-0.00021743774,6.9980316,6.9980316
128,83.985214,134.01135,83.98572,141.00917,0.00050354004,6.997818,6.997818
128,64.00745,167.04816,64.00742,174.0472,-2.2888184e-05,6.9990387,6.9990387
129,60.007378,158.98737,60.00737,166.98764,-7.6293945e-06,8.000275,8.000275
129,83.98008,188.98843,83.979546,196.9879,-0.0005340576,7.999466,7.999466
129,35.97799,189.00122,35.978294,197.00105,0.00030517578,7.999832,7.999832
129,35.977547,140.98463,35.975452,148.98315,-0.0020942688,7.99852,7.9985204
129,83.98572,141.00917,83.98289,149.01013,-0.0028305054,8.000961,8.000961
129,64.00742,174.0472,64.007385,182.04712,-3.8146973e-05,7.9999237,7.9999237
130,60.00737,166.98764,60.007004,173.98631,-0.00036621094,6.9986725,6.9986725
130,83.979546,196.9879,83.98224,203.99074,0.0026931763,7.002838,7.0028386
130,35.978294,197.00105,35.981667,204.00198,0.0033721924,7.000931,7.0009317
130,35.975452,148.98315,35.98708,156.00061,0.011627197,7.017456,7.0174656
130,83.98289,149.01013,83.97198,156.02812,-0.010910034,7.01799,7.0179987
130,64.007385,182.04712,64.00787,189.04639,0.00048828125,6.9992676,6.9992676
131,60.007004,173.98631,60.004635,181.98753,-0.002368927,8.001221,8.001221
131,83.98224,203.99074,83.98375,211.99388,0.0015106201,8.003143,8.003143
131,35.981667,204.00198,35.970867,212.01355,-0.010799408,8.011566,8.011574
131,35.98708,156.00061,35.98089,163.98907,-0.0061912537,7.9884644,7.9884667
131,83.97198,156.02812,83.987366,164.00769,0.015388489,7.9795685,7.9795833
131,64.00787,189.04639,64.008,197.04707,0.0001296997,8.000687,8.000687
132,60.004635,181.98753,60.004547,189.98694,-8.773804e-05,7.999405,7.999405
132,83.98375,211.99388,83.986496,219.99577,0.002746582,8.001892,8.001892
132,35.970867,212.01355,35.975143,220.01025,0.0042762756,7.996704,7.9967055
132,35.98089,163.98907,35.980904,171.98892,1.5258789e-05,7.9998474,7.9998474
132,83.987366,164.00769,83.98721,172.00757,-0.00015258789,7.999878,7.999878
132,64.008,197.04707,64.00795,205.0472,-5.340576e-05,8.000122,8.000122
133,60.004547,189.98694,60.004696,196.98819,0.0001487732,7.001251,7.001251
133,83.986496,219.99577,83.98417,226.99281,-0.0023269653,6.99704,6.99704
133,35.975143,220.01025,35.9761,227.00735,0.000957489,6.997101,6.997101
133,35.980904,171.98892,35.979233,178.98526,-0.0016708374,6.996338,6.9963384
133,83.98721,172.00757,83.98891,179.00363,0.0016937256,6.996063,6.9960637
133,64.00795,205.0472,64.00756,212.0478,-0.00038909912,7.0006104,7.0006104
134,60.004696,196.98819,60.004215,203.98648,-0.00048065186,6.998291,6.998291
134,83.98417,226.99281,83.98534,233.99326,0.0011672974,7.0004425,7.0004425
134,35.9761,227.00735,35.978493,234.00801,0.0023918152,7.000656,7.0006566
134,35.979233,178.98526,35.98086,185.98903,0.0016288757,7.003769,7.0037694
134,83.98891,179.00363,83.98654,186.00784,-0.0023651123,7.0042114,7.004212
134,64.00756,212.0478,64.007385,219.04921,-0.00017547607,7.001404,7.001404
135,60.004215,203.98648,60.004433,208.98827,0.00021743774,5.0017853,5.0017853
135,83.98534,233.99326,83.98283,238.98639,-0.0025100708,4.9931335,4.993134
135,35.978493,234.00801,35.979095,239.00688,0.00060272217,4.998871,4.998871
135,35.98086,185.98903,35.98122,190.98662,0.00035858154,4.997589,4.997589
135,83.98654,186.00784,83.98715,191.00406,0.00061035156,4.996216,4.996216
135,64.007385,219.04921,64.00752,224.04778,0.0001373291,4.9985657,4.9985657
136,60.004433,208.98827,60.004173,213.98712,-0.0002593994,4.9988556,4.9988556
136,83.98283,238.98639,83.975586,243.9785,-0.0072402954,4.992111,4.9921165
136,35.979095,239.00688,35.98471,243.99797,0.0056152344,4.991089,4.991092
136,35.98122,190.98662,35.981956,195.98938,0.0007362366,5.002762,5.002762
136,83.98715,191.00406,83.98702,196.00572,-0.0001296997,5.001663,5.001663
136,64.00752,224.04778,64.007965,229.04723,0.00044250488,4.9994507,4.9994507
137,60.004173,213.98712,60.004326,216.98843,0.00015258789,3.0013123,3.0013123
137,83.975586,243.9785,83.97732,246.98343,0.0017318726,3.0049286,3.004929
137,35.98471,243.99797,35.98212,247.00308,-0.0025901794,3.0051117,3.0051126
137,35.981956,195.98938,35.97725,198.98305,-0.0047073364,2.9936676,2.9936712
137,83.98702,196.00572,83.987854,199.0031,0.000831604,2.9973755,2.9973757
137,64.007965,229.04723,64.00757,232.04782,-0.00039672852,3.000595,3.000595
138,60.004326,216.98843,60.003895,217.9869,-0.0004310608,0.99845886,0.998459
138,83.97732,246.98343,83.979256,247.98889,0.0019378662,1.0054626,1.0054646
138,35.98212,247.00308,35.982224,248.00679,0.000102996826,1.0037079,1.0037079
138,35.97725,198.98305,35.979664,199.98717,0.0024147034,1.0041199,1.0041227
138,83.987854,199.0031,83.98483,200.00645,-0.0030212402,1.0033569,1.0033616
138,64.00757,232.04782,64.00821,233.04718,0.00064086914,0.99935913,0.99935937
139,60.003895,217.9869,60.003895,217.9869,0.0,0.0,0.0
139,83.979256,247.98889,83.979256,247.98889,0.0,0.0,0.0
139,35.982224,248.00679,35.982224,248.00679,0.0,0.0,0.0
139,35.979664,199.98717,35.979664,199.98717,0.0,0.0,0.0
139,83.98483,200.00645,83.98483,200.00645,0.0,0.0,0.0
139,64.00821,233.04718,64.00821,233.04718,0.0,0.0,0.0
140,60.003895,217.9869,60.00411,216.9887,0.00021362305,-0.99819946,0.99819946
140,83.979256,247.98889,83.97567,246.9868,-0.0035858154,-1.0020905,1.0020969
140,35.982224,248.00679,35.980644,247.00317,-0.0015792847,-1.0036163,1.0036176
140,35.979664,199.98717,35.979176,198.98521,-0.00048828125,-1.0019531,1.0019532
140,83.98483,200.00645,83.98645,199.00323,0.0016174316,-1.0032196,1.0032209
140,64.00821,233.04718,64.00775,232.0475,-0.00045776367,-0.99967957,0.9996797
141,60.00411,216.9887,60.003788,213.98744,-0.00032043457,-3.0012512,3.0012512
141,83.97567,246.9868,83.972275,243.97903,-0.0033950806,-3.0077667,3.0077686
141,35.980644,247.00317,35.981197,243.99988,0.0005531311,-3.003296,3.003296
141,35.979176,198.98521,35.981903,195.98999,0.0027275085,-2.995224,2.9952252
141,83.98645,199.00323,83.98065,196.01157,-0.00579834,-2.9916687,2.9916744
141,64.00775,232.0475,64.00851,229.04614,0.00075531006,-3.001358,3.0013583
142,60.003788,213.98744,60.003574,209.98643,-0.00021362305,-4.001007,4.001007
142,83.972275,243.97903,83.98001,239.99026,0.007736206,-3.9887695,3.988777
142,35.981197,243.99988,35.976326,240.00787,-0.0048713684,-3.9920044,3.9920075
142,35.981903,195.98999,35.98342,191.9908,0.0015182495,-3.9991913,3.9991915
142,83.98065,196.01157,83.98056,192.01208,-9.1552734e-05,-3.9994812,3.9994812
142,64.00851,229.04614,64.007774,225.04845,-0.0007324219,-3.997696,3.9976962
143,60.003574,209.98643,60.005417,204.98651,0.0018424988,-4.9999237,4.999924
143,83.98001,239.99026,83.98097,234.99263,0.0009613037,-4.997635,4.997635
143,35.976326,240.00787,35.97985,235.00365,0.0035247803,-5.0042267,5.004228
143,35.98342,191.9908,35.97436,186.98024,-0.009059906,-5.010559,5.010567
143,83.98056,192.01208,83.98595,187.0046,0.0053863525,-5.007492,5.007495
143,64.007774,225.04845,64.007065,220.04857,-0.0007095337,-4.999878,4.999878
144,60.005417,204.98651,60.004974,198.98454,-0.00044250488,-6.0019684,6.0019684
144,83.98097,234.99263,83.9799,228.99336,-0.0010757446,-5.9992676,5.9992676
144,35.97985,235.00365,35.980507,229.0042,0.00065612793,-5.9994507,5.9994507
144,35.97436,186.98024,35.973892,180.98116,-0.00046920776,-5.9990845,5.9990845
144,83.98595,187.0046,83.98649,181.00562,0.000541687,-5.9989777,5.9989777
144,64.007065,220.04857,64.00714,214.04828,7.6293945e-05,-6.00029,6.00029
145,60.004974,198.98454,60.004658,191.98332,-0.00031661987,-7.0012207,7.0012207
145,83.9799,228.99336,83.980545,221.99991,0.00064849854,-6.993454,6.993454
145,35.980507,229.0042,35.978886,222.01027,-0.0016212463,-6.993927,6.9939275
145,35.973892,180.98116,35.977604,173.98645,0.0037117004,-6.994705,6.994706
145,83.98649,181.00562,83.9822,174.01228,-0.0042877197,-6.993332,6.9933333
145,64.00714,214.04828,64.00687,207.04996,-0.0002746582,-6.9983215,6.9983215
146,60.004658,191.98332,60.00464,183.98337,-1.9073486e-05,-7.999954,7.999954
146,83.980545,221.99991,83.9793,213.99913,-0.0012435913,-8.000778,8.000778
146,35.978886,222.01027,35.978558,214.0107,-0.00032806396,-7.9995728,7.9995728
146,35.977604,173.98645,35.975937,165.98528,-0.0016670227,-8.001175,8.001175
146,83.9822,174.01228,83.98241,166.01259,0.00020599365,-7.999695,7.999695
146,64.00687,207.04996,64.00662,199.05048,-0.00024414062,-7.999481,7.999481
147,60.00464,183.98337,60.004593,175.98322,-4.5776367e-05,-8.000153,8.000153
147,83.9793,213.99913,83.97798,205.99863,-0.0013198853,-8.000504,8.000504
147,35.978558,214.0107,35.979816,206.01027,0.0012588501,-8.000427,8.000427
147,35.975937,165.98528,35.977173,157.98595,0.0012359619,-7.9993286,7.9993286
147,83.98241,166.01259,83.981834,158.01244,-0.0005722046,-8.000153,8.000153
147,64.00662,199.05048,64.00665,191.0505,3.0517578e-05,-7.9999695,7.9999695
148,60.004593,175.98322,60.004776,168.98462,0.00018310547,-6.998596,6.998596
148,83.97798,205.99863,83.97518,198.99455,-0.0027999878,-7.004074,7.0040746
148,35.979816,206.01027,35.980927,199.00294,0.0011100769,-7.007324,7.007324
148,35.977173,157.98595,35.976555,150.9831,-0.00061798096,-7.0028534,7.0028534
148,83.981834,158.01244,83.98188,151.01076,4.5776367e-05,-7.0016785,7.0016785
148,64.00665,191.0505,64.006836,184.04924,0.00018310547,-7.0012665,7.0012665
149,60.004776,168.98462,60.004715,160.98451,-6.1035156e-05,-8.000107,8.000107
149,83.97518,198.99455,83.97471,190.9946,-0.00047302246,-7.999954,7.999954
149,35.980927,199.00294,35.981888,191.00272,0.0009613037,-8.000229,8.000229
149,35.976555,150.9831,35.97637,142.98294,-0.00018310547,-8.000153,8.000153
149,83.98188,151.01076,83.9819,143.00952,2.2888184e-05,-8.001236,8.001236
149,64.006836,184.04924,64.006836,176.04929,0.0,-7.999954,7.999954
150,60.004715,160.98451,60.00438,153.98325,-0.00033569336,-7.0012665,7.0012665
150,83.97471,190.9946,83.97697,183.99834,0.0022583008,-6.9962616,6.996262
150,35.981888,191.00272,35.981667,184.00719,-0.00022125244,-6.995529,6.995529
150,35.97637,142.98294,35.979813,135.98843,0.003440857,-6.994507,6.994508
150,83.9819,143.00952,83.981224,136.01215,-0.0006790161,-6.9973755,6.9973755
150,64.006836,176.04929,64.00723,169.04898,0.00039672852,-7.000305,7.000305
151,60.00438,153.98325,60.004627,146.98447,0.00024795532,-6.9987793,6.9987793
151,83.97697,183.99834,83.97444,176.99567,-0.0025253296,-7.0026703,7.002671
151,35.981667,184.00719,35.98206,177.00258,0.00039291382,-7.004608,7.004608
151,35.979813,135.98843,35.978287,128.98502,-0.0015258789,-7.003418,7.0034184
151,83.981224,136.01215,83.983246,129.0075,0.0020217896,-7.0046387,7.004639
151,64.00723,169.04898,64.00716,162.0487,-7.6293945e-05,-7.0002747,7.0002747
152,60.004627,146.98447,60.005,140.98633,0.00037384033,-5.9981384,5.9981384
152,83.97444,176.99567,83.9749,170.99522,0.00045776367,-6.0004425,6.0004425
152,35.98206,177.00258,35.979362,171.00378,-0.002696991,-5.9987946,5.998795
152,35.978287,128.98502,35.981567,122.98679,0.0032806396,-5.9982224,5.9982233
152,83.983246,129.0075,83.981514,123.006966,-0.0017318726,-6.0005417,6.000542
152,64.00716,162.0487,64.007126,156.049,-3.0517578e-05,-5.99971,5.99971
153,60.005,140.98633,60.004417,135.98459,-0.0005836487,-5.0017395,5.0017395
153,83.9749,170.99522,83.97594,166.00098,0.0010375977,-4.9942474,4.9942474
153,35.979362,171.00378,35.976265,166.00708,-0.0030975342,-4.996704,4.996705
153,35.981567,122.98679,35.980515,117.98776,-0.0010528564,-4.999031,4.999031
153,83.981514,123.006966,83.980934,118.00931,-0.000579834,-4.997658,4.997658
153,64.007126,156.049,64.00687,151.05054,-0.0002593994,-4.998459,4.998459
154,60.004417,135.98459,60.00471,132.98605,0.0002937317,-2.9985352,2.9985352
154,83.97594,166.00098,83.972336,162.99622,-0.0036010742,-3.0047607,3.004763
154,35.976265,166.00708,35.979164,163.00307,0.00289917,-3.004013,3.0040145
154,35.980515,117.98776,35.981964,114.98756,0.001449585,-3.000206,3.0002062
154,83.980934,118.00931,83.980095,115.009186,-0.0008392334,-3.000122,3.0001223
154,64.00687,151.05054,64.007,148.04944,0.0001373291,-3.0010986,3.0010986
155,60.00471,132.98605,60.004436,129.98883,-0.0002746582,-2.997223,2.997223
155,83.972336,162.99622,83.9776,160.00285,0.005264282,-2.9933624,2.993367
155,35.979164,163.00307,35.981445,160.00978,0.002281189,-2.9932861,2.9932868
155,35.981964,114.98756,35.98162,111.987045,-0.00034332275,-3.0005112,3.0005112
155,83.980095,115.009186,83.9819,112.00933,0.0018081665,-2.999855,2.9998555
155,64.007,148.04944,64.00572,145.04628,-0.0012817383,-3.0031586,3.0031588
156,60.004436,129.98883,60.004436,129.98883,0.0,0.0,0.0
156,83.9776,160.00285,83.9776,160.00285,0.0,0.0,0.0
156,35.981445,160.00978,35.981445,160.00978,0.0,0.0,0.0
156,35.98162,111.987045,35.98162,111.987045,0.0,0.0,0.0
156,83.9819,112.00933,83.9819,112.00933,0.0,0.0,0.0
156,64.00572,145.04628,64.00572,145.04628,0.0,0.0,0.0
157,60.004436,129.98883,60.004436,129.98883,0.0,0.0,0.0
157,83.9776,160.00285,83.9776,160.00285,0.0,0.0,0.0
157,35.981445,160.00978,35.981445,160.00978,0.0,0.0,0.0
157,35.98162,111.987045,35.98162,111.987045,0.0,0.0,0.0
157,83.9819,112.00933,83.9819,112.00933,0.0,0.0,0.0
157,64.00572,145.04628,64.00572,145.04628,0.0,0.0,0.0
158,60.004436,129.98883,60.00441,131.98853,-2.670288e-05,1.9996948,1.9996948
158,83.9776,160.00285,83.97869,162.00398,0.0010910034,2.0011292,2.0011294
158,35.981445,160.00978,35.98178,162.00992,0.00033569336,2.0001373,2.0001373
158,35.98162,111.987045,35.982002,113.98799,0.00038146973,2.000946,2.000946
158,83.9819,112.00933,83.9837,114.00778,0.0018005371,1.9984512,1.9984521
158,64.00572,145.04628,64.00609,147.04517,0.00036621094,1.9988861,1.9988861
159,60.00441,131.98853,60.004314,135.98839,-9.536743e-05,3.9998627,3.9998627
159,83.97869,162.00398,83.97905,166.00432,0.00035858154,4.0003357,4.0003357
159,35.98178,162.00992,35.98065,166.01132,-0.0011291504,4.001404,4.001404
159,35.982002,113.98799,35.980064,117.98678,-0.0019378662,3.998787,3.9987874
159,83.9837,114.00778,83.98186,118.0086,-0.0018463135,4.0008163,4.000817
159,64.00609,147.04517,64.00638,151.04411,0.000289917,3.9989471,3.9989471
160,60.004314,135.98839,60.004322,139.98837,7.6293945e-06,3.9999847,3.9999847
160,83.97905,166.00432,83.97911,170.00378,6.1035156e-05,3.999466,3.999466
160,35.98065,166.01132,35.98042,170.01125,-0.00023269653,3.9999237,3.9999237
160,35.980064,117.98678,35.98171,121.98791,0.0016441345,4.001129,4.0011296
160,83.98186,118.0086,83.981514,122.00829,-0.00034332275,3.9996948,3.9996948
160,64.00638,151.04411,64.00607,155.04506,-0.00030517578,4.000946,4.000946
161,60.004322,139.98837,60.004433,145.98872,0.00011062622,6.000351,6.000351
161,83.97911,170.00378,83.97956,176.00278,0.00045013428,5.998993,5.998993
161,35.98042,170.01125,35.979744,176.01093,-0.0006752014,5.9996796,5.9996796
161,35.98171,121.98791,35.98154,127.98802,-0.00016784668,6.0001144,6.0001144
161,83.981514,122.00829,83.98193,128.00885,0.0004196167,6.000557,6.000557
161,64.00607,155.04506,64.00569,161.04613,-0.00038146973,6.001068,6.001068
162,60.004433,145.98872,60.004623,152.99002,0.00019073486,7.001297,7.001297
162,83.97956,176.00278,83.97743,182.99948,-0.002128601,6.996704,6.9967046
162,35.979744,176.01093,35.98169,183.00883,0.0019454956,6.9979095,6.9979095
162,35.98154,127.98802,35.979385,134.98415,-0.002155304,6.9961243,6.9961247
162,83.98193,128.00885,83.98416,135.00543,0.0022277832,6.996582,6.9965825
162,64.00569,161.04613,64.00547,168.04628,-0.00022125244,7.0001526,7.0001526
163,60.004623,152.99002,60.004093,159.98834,-0.0005302429,6.9983215,6.9983215
163,83.97743,182.99948,83.97601,190.00269,-0.0014190674,7.0032043,7.003205
163,35.98169,183.00883,35.982994,190.0087,0.0013046265,6.9998627,6.9998627
163,35.979385,134.98415,35.98204,141.98853,0.0026550293,7.0043793,7.0043797
163,83.98416,135.00543,83.979965,142.01077,-0.004196167,7.0053406,7.005342
163,64.00547,168.04628,64.005196,175.04794,-0.0002746582,7.001663,7.001663
164,60.004093,159.98834,60.003983,167.98846,-0.00011062622,8.000122,8.000122
164,83.97601,190.00269,83.97538,198.00276,-0.00063323975,8.000076,8.000076
164,35.982994,190.0087,35.983223,198.00917,0.00022888184,8.000473,8.000473
164,35.98204,141.98853,35.980515,149.98743,-0.0015258789,7.9989014,7.9989014
164,83.979965,142.01077,83.97979,150.01097,-0.00017547607,8.000198,8.000198
164,64.005196,175.04794,64.005066,183.04834,-0.0001296997,8.000397,8.000397
165,60.003983,167.98846,60.00417,174.98982,0.00018692017,7.001358,7.001358
165,83.97538,198.00276,83.97667,204.99782,0.0012893677,6.995056,6.995056
165,35.983223,198.00917,35.98194,205.00658,-0.0012817383,6.997406,6.997406
165,35.980515,149.98743,35.980812,156.98634,0.0002975464,6.9989166,6.9989166
165,83.97979,150.01097,83.98387,157.0064,0.004081726,6.9954224,6.9954233
165,64.005066,183.04834,64.004654,190.04883,-0.0004119873,7.0004883,7.0004883
166,60.00417,174.98982,60.004246,182.99036,7.6293945e-05,8.000534,8.000534
166,83.97667,204.99782,83.97794,212.99768,0.0012741089,7.9998627,7.9998627
166,35.98194,205.00658,35.980682,213.00632,-0.0012588501,7.9997406,7.9997406
166,35.980812,156.98634,35.977566,164.9832,-0.0032463074,7.9968567,7.9968576
166,83.98387,157.0064,83.98422,165.00706,0.00035095215,8.000671,8.000671
166,64.004654,190.04883,64.00467,198.04875,1.5258789e-05,7.9999237,7.9999237
167,60.004246,182.99036,60.005207,190.98256,0.0009613037,7.9922028,7.9922028
167,83.97794,212.99768,83.97485,220.99197,-0.0030899048,7.994293,7.994294
167,35.980682,213.00632,35.979877,220.99965,-0.0008049011,7.993332,7.993332
167,35.977566,164.9832,35.97959,172.98462,0.0020256042,8.001419,8.001419
167,83.98422,165.00706,83.98272,173.0039,-0.0015029907,7.9968414,7.996842
167,64.00467,198.04875,64.006874,206.05074,0.002204895,8.001984,8.001985
168,60.005207,190.98256,60.004913,197.98131,-0.0002937317,6.998749,6.998749
168,83.97485,220.99197,83.97697,227.99559,0.0021133423,7.0036163,7.0036163
168,35.979877,220.99965,35.977127,228.00374,-0.0027503967,7.0040894,7.00409
168,35.97959,172.98462,35.981224,179.98767,0.0016326904,7.0030518,7.0030518
168,83.98272,173.0039,83.980354,180.00797,-0.0023651123,7.004059,7.004059
168,64.006874,206.05074,64.00745,213.04958,0.0005722046,6.9988403,6.9988403
169,60.004913,197.98131,60.00483,203.98103,-8.392334e-05,5.9997253,5.9997253
169,83.97697,227.99559,83.976555,233.99562,-0.0004119873,6.0000305,6.0000305
169,35.977127,228.00374,35.97462,234.00658,-0.002506256,6.002838,6.0028386
169,35.981224,179.98767,35.98138,185.98755,0.00015640259,5.999878,5.999878
169,83.980354,180.00797,83.97988,186.00758,-0.00047302246,5.9996185,5.9996185
169,64.00745,213.04958,64.00781,219.0486,0.00036621094,5.9990234,5.9990234
170,60.00483,203.98103,60.005016,209.98201,0.00018692017,6.0009766,6.0009766
170,83.976555,233.99562,83.977715,239.99567,0.001159668,6.000046,6.000046
170,35.97462,234.00658,35.97666,240.0047,0.002040863,5.998123,5.9981236
170,35.98138,185.98755,35.98268,191.9886,0.0013008118,6.001053,6.001053
170,83.97988,186.00758,83.98087,192.00682,0.0009918213,5.999237,5.999237
170,64.00781,219.0486,64.00745,225.04973,-0.00036621094,6.001129,6.001129
171,60.005016,209.98201,60.005203,213.98273,0.00018692017,4.000717,4.000717
171,83.977715,239.99567,83.96875,243.98108,-0.008964539,3.9854126,3.9854226
171,35.97666,240.0047,35.986103,243.98969,0.009441376,3.9849854,3.9849963
171,35.98268,191.9886,35.98252,195.98912,-0.00016021729,4.000519,4.000519
171,83.98087,192.00682,83.981094,196.00772,0.00022125244,4.0009003,4.0009003
171,64.00745,225.04973,64.007965,229.04813,0.0005187988,3.9983978,3.9983978
172,60.005203,213.98273,60.0054,216.98402,0.00019836426,3.001297,3.001297
172,83.96875,243.98108,83.971275,246.98767,0.0025253296,3.0065918,3.006593
172,35.986103,243.98969,35.98219,246.9972,-0.0039138794,3.0075073,3.00751
172,35.98252,195.98912,35.979336,198.98367,-0.0031852722,2.9945526,2.9945543
172,83.981094,196.00772,83.98126,199.005,0.00016784668,2.997284,2.997284
172,64.007965,229.04813,64.00777,232.04881,-0.00019836426,3.0006866,3.0006866
173,60.0054,216.98402,60.005028,217.98254,-0.00037384033,0.9985199,0.99851996
173,83.971275,246.98767,83.97259,247.99348,0.0013122559,1.0058136,1.0058144
173,35.98219,246.9972,35.983322,247.99962,0.0011329651,1.0024261,1.0024267
173,35.979336,198.98367,35.980087,199.98491,0.00075149536,1.001236,1.0012363
173,83.98126,199.005,83.98,200.0069,-0.0012588501,1.0018921,1.0018928
173,64.00777,232.04881,64.00797,233.04854,0.00020599365,0.99972534,0.99972534
174,60.005028,217.98254,60.004936,217.98238,-9.1552734e-05,-0.00016784668,0.00019119208
174,83.97259,247.99348,83.972145,247.99277,-0.00044250488,-0.0007171631,0.0008426942
174,35.983322,247.99962,35.983234,247.99962,-8.773804e-05,0.0,8.773804e-05
174,35.980087,199.98491,35.980114,199.98495,2.670288e-05,4.5776367e-05,5.2995467e-05
174,83.98,200.0069,83.97998,200.00688,-2.2888184e-05,-1.5258789e-05,2.7508173e-05
174,64.00797,233.04854,64.00804,233.04858,6.866455e-05,4.5776367e-05,8.252452e-05
175,60.004936,217.98238,60.005222,216.98424,0.0002861023,-0.9981384,0.9981384
175,83.972145,247.99277,83.96965,246.99055,-0.002494812,-1.0022125,1.0022156
175,35.983234,247.99962,35.981575,246.99695,-0.0016593933,-1.0026703,1.0026717
175,35.980114,199.98495,35.979656,198.98325,-0.00045776367,-1.001709,1.0017091
175,83.97998,200.00688,83.98083,199.00551,0.0008468628,-1.0013733,1.0013736
175,64.00804,233.04858,64.00804,232.04803,0.0,-1.0005493,1.0005493
176,60.005222,216.98424,60.004868,213.983,-0.00035476685,-3.001236,3.001236
176,83.96965,246.99055,83.96614,243.9835,-0.0035095215,-3.0070496,3.0070517
176,35.981575,246.99695,35.982864,243.99254,0.0012893677,-3.0044098,3.00441
176,35.979656,198.98325,35.983105,195.98927,0.0034484863,-2.9939728,2.9939747
176,83.98083,199.00551,83.97782,196.01091,-0.0030059814,-2.9945984,2.9945998
176,64.00804,232.04803,64.00836,229.04779,0.00032043457,-3.0002441,3.0002441
177,60.004868,213.983,60.004658,209.98203,-0.00020980835,-4.0009766,4.0009766
177,83.96614,243.9835,83.97216,239.99062,0.0060195923,-3.9928894,3.992894
177,35.982864,243.99254,35.976418,240.00299,-0.0064468384,-3.9895477,3.989553
177,35.983105,195.98927,35.984657,191.99008,0.0015525818,-3.9991913,3.9991918
177,83.97782,196.01091,83.97908,192.01021,0.0012588501,-4.000702,4.000702
177,64.00836,229.04779,64.00786,225.0495,-0.00050354004,-3.998291,3.998291
178,60.004658,209.98203,60.004906,204.98378,0.00024795532,-4.9982452,4.9982452
178,83.97216,239.99062,83.96951,234.98817,-0.0026474,-5.0024414,5.0024424
178,35.976418,240.00299,35.975357,234.99837,-0.0010604858,-5.0046234,5.0046234
178,35.984657,191.99008,35.98235,186.98541,-0.0023078918,-5.004669,5.0046697
178,83.97908,192.01021,83.98318,187.00374,0.004096985,-5.0064697,5.0064716
178,64.00786,225.0495,64.00841,220.04881,0.0005493164,-5.0006866,5.0006866
